plot_id	date_assessment	msa_area_ha	type
2198	16546	0	9110
2198	16546	3.4123	9120
2198	16546	0	9130
2198	16546	0	9150
2198	16546	0.3049	9160
2198	16546	0	9190
2198	16546	0	91E0_sf
2198	16546	0	91E0_va
2198	16546	0	91E0_vc
2198	16546	0	91E0_vm
2198	16546	0	91E0_vn
2198	16546	0	91E0_vo
2198	16546	0	91F0
2742	16604	0	9110
2742	16604	0	9120
2742	16604	0	9130
2742	16604	0	9150
2742	16604	0	9160
2742	16604	0	9190
2742	16604	0	91E0_sf
2742	16604	0	91E0_va
2742	16604	0	91E0_vc
2742	16604	3.9384	91E0_vm
2742	16604	0.1135	91E0_vn
2742	16604	1.7343	91E0_vo
2742	16604	0	91F0
3970	16576	50.4609	9110
3970	16576	16.9419	9120
3970	16576	38.1262	9130
3970	16576	38.2059	9150
3970	16576	48.7717	9160
3970	16576	0	9190
3970	16576	0	91E0_sf
3970	16576	4.9308	91E0_va
3970	16576	4.9308	91E0_vc
3970	16576	0	91E0_vm
3970	16576	0	91E0_vn
3970	16576	0	91E0_vo
3970	16576	0	91F0
4945	17277	0	9110
4945	17277	2.7565	9120
4945	17277	59.1306	9130
4945	17277	59.1306	9150
4945	17277	0	9160
4945	17277	0	9190
4945	17277	0	91E0_sf
4945	17277	0.7497	91E0_va
4945	17277	0.7497	91E0_vc
4945	17277	0	91E0_vm
4945	17277	0	91E0_vn
4945	17277	0	91E0_vo
4945	17277	0	91F0
6110	17074	0	9110
6110	17074	3.4421	9120
6110	17074	0	9130
6110	17074	0	9150
6110	17074	0	9160
6110	17074	3.6306	9190
6110	17074	0	91E0_sf
6110	17074	0	91E0_va
6110	17074	0	91E0_vc
6110	17074	0	91E0_vm
6110	17074	0	91E0_vn
6110	17074	0	91E0_vo
6110	17074	0	91F0
6278	16562	0	9110
6278	16562	0	9120
6278	16562	0	9130
6278	16562	0	9150
6278	16562	0.1516	9160
6278	16562	0	9190
6278	16562	0	91E0_sf
6278	16562	0	91E0_va
6278	16562	0	91E0_vc
6278	16562	0	91E0_vm
6278	16562	0	91E0_vn
6278	16562	0	91E0_vo
6278	16562	0	91F0
7145	16553	0	9110
7145	16553	0	9120
7145	16553	0	9130
7145	16553	0	9150
7145	16553	2.8425	9160
7145	16553	0	9190
7145	16553	0	91E0_sf
7145	16553	0	91E0_va
7145	16553	0	91E0_vc
7145	16553	0	91E0_vm
7145	16553	0	91E0_vn
7145	16553	0	91E0_vo
7145	16553	0	91F0
7785	16573	0	9110
7785	16573	51.1362	9120
7785	16573	0	9130
7785	16573	0	9150
7785	16573	0	9160
7785	16573	0.4257	9190
7785	16573	0	91E0_sf
7785	16573	0	91E0_va
7785	16573	0	91E0_vc
7785	16573	27.156	91E0_vm
7785	16573	0	91E0_vn
7785	16573	3.2338	91E0_vo
7785	16573	0	91F0
8121	16554	0	9110
8121	16554	0.7118	9120
8121	16554	0.5977	9130
8121	16554	0.5977	9150
8121	16554	0	9160
8121	16554	0	9190
8121	16554	0	91E0_sf
8121	16554	1.8938	91E0_va
8121	16554	1.8938	91E0_vc
8121	16554	0	91E0_vm
8121	16554	0	91E0_vn
8121	16554	0	91E0_vo
8121	16554	0	91F0
8217	17288	0	9110
8217	17288	6.8441	9120
8217	17288	10.4701	9130
8217	17288	10.4701	9150
8217	17288	0	9160
8217	17288	0	9190
8217	17288	0	91E0_sf
8217	17288	3.8305	91E0_va
8217	17288	3.8305	91E0_vc
8217	17288	0	91E0_vm
8217	17288	0	91E0_vn
8217	17288	0	91E0_vo
8217	17288	0	91F0
9169	17683	0	9110
9169	17683	27.7435	9120
9169	17683	0	9130
9169	17683	0	9150
9169	17683	1.9167	9160
9169	17683	0	9190
9169	17683	0	91E0_sf
9169	17683	0	91E0_va
9169	17683	0	91E0_vc
9169	17683	0	91E0_vm
9169	17683	0	91E0_vn
9169	17683	0	91E0_vo
9169	17683	0	91F0
9262	17067	0	9110
9262	17067	56.1321	9120
9262	17067	0	9130
9262	17067	0	9150
9262	17067	0.2467	9160
9262	17067	4.6073	9190
9262	17067	0	91E0_sf
9262	17067	0.812	91E0_va
9262	17067	0.812	91E0_vc
9262	17067	3.4742	91E0_vm
9262	17067	2.1015	91E0_vn
9262	17067	0	91E0_vo
9262	17067	0	91F0
10354	16575	0	9110
10354	16575	0	9120
10354	16575	0	9130
10354	16575	0	9150
10354	16575	3.7352	9160
10354	16575	0	9190
10354	16575	0	91E0_sf
10354	16575	0.8094	91E0_va
10354	16575	0.8094	91E0_vc
10354	16575	0	91E0_vm
10354	16575	0	91E0_vn
10354	16575	0	91E0_vo
10354	16575	0	91F0
10513	18001	0	9110
10513	18001	3.0577	9120
10513	18001	12.5269	9130
10513	18001	12.5269	9150
10513	18001	0	9160
10513	18001	0	9190
10513	18001	0	91E0_sf
10513	18001	1.9204	91E0_va
10513	18001	1.9204	91E0_vc
10513	18001	0	91E0_vm
10513	18001	0	91E0_vn
10513	18001	0	91E0_vo
10513	18001	0	91F0
11126	16584	0	9110
11126	16584	0	9120
11126	16584	0	9130
11126	16584	0	9150
11126	16584	0	9160
11126	16584	2.0272	9190
11126	16584	0	91E0_sf
11126	16584	0	91E0_va
11126	16584	0	91E0_vc
11126	16584	0	91E0_vm
11126	16584	0.982	91E0_vn
11126	16584	0	91E0_vo
11126	16584	0	91F0
11481	17998	0	9110
11481	17998	30.004	9120
11481	17998	87.4923	9130
11481	17998	87.4923	9150
11481	17998	0	9160
11481	17998	0	9190
11481	17998	0	91E0_sf
11481	17998	20.5447	91E0_va
11481	17998	20.5447	91E0_vc
11481	17998	0	91E0_vm
11481	17998	0	91E0_vn
11481	17998	0	91E0_vo
11481	17998	0	91F0
11865	16554	0	9110
11865	16554	0	9120
11865	16554	2.4591	9130
11865	16554	2.4591	9150
11865	16554	0	9160
11865	16554	0	9190
11865	16554	0	91E0_sf
11865	16554	0.9521	91E0_va
11865	16554	0.9521	91E0_vc
11865	16554	0	91E0_vm
11865	16554	0	91E0_vn
11865	16554	0	91E0_vo
11865	16554	0	91F0
12470	16597	0	9110
12470	16597	0	9120
12470	16597	0	9130
12470	16597	0	9150
12470	16597	0	9160
12470	16597	0	9190
12470	16597	0	91E0_sf
12470	16597	0	91E0_va
12470	16597	0	91E0_vc
12470	16597	1.2048	91E0_vm
12470	16597	3.002	91E0_vn
12470	16597	0	91E0_vo
12470	16597	0	91F0
12710	17704	0	9110
12710	17704	3.9252	9120
12710	17704	0	9130
12710	17704	0	9150
12710	17704	3.5258	9160
12710	17704	0	9190
12710	17704	0	91E0_sf
12710	17704	0	91E0_va
12710	17704	0	91E0_vc
12710	17704	0	91E0_vm
12710	17704	0	91E0_vn
12710	17704	0	91E0_vo
12710	17704	0	91F0
15150	16574	0	9110
15150	16574	0	9120
15150	16574	0	9130
15150	16574	0	9150
15150	16574	0	9160
15150	16574	1.2675	9190
15150	16574	0	91E0_sf
15150	16574	0	91E0_va
15150	16574	0	91E0_vc
15150	16574	0	91E0_vm
15150	16574	0	91E0_vn
15150	16574	0	91E0_vo
15150	16574	0	91F0
15478	18376	0	9110
15478	18376	0	9120
15478	18376	0	9130
15478	18376	0	9150
15478	18376	0	9160
15478	18376	1.0889	9190
15478	18376	0	91E0_sf
15478	18376	0	91E0_va
15478	18376	0	91E0_vc
15478	18376	0	91E0_vm
15478	18376	0	91E0_vn
15478	18376	0	91E0_vo
15478	18376	0	91F0
15782	16562	0	9110
15782	16562	6.255	9120
15782	16562	0	9130
15782	16562	0	9150
15782	16562	0.2063	9160
15782	16562	0	9190
15782	16562	0	91E0_sf
15782	16562	1.4866	91E0_va
15782	16562	1.4866	91E0_vc
15782	16562	0	91E0_vm
15782	16562	0	91E0_vn
15782	16562	0	91E0_vo
15782	16562	0	91F0
16633	16559	0	9110
16633	16559	0	9120
16633	16559	0	9130
16633	16559	0	9150
16633	16559	0	9160
16633	16559	0	9190
16633	16559	0	91E0_sf
16633	16559	6.4516	91E0_va
16633	16559	6.4516	91E0_vc
16633	16559	0	91E0_vm
16633	16559	1.9506	91E0_vn
16633	16559	0	91E0_vo
16633	16559	0	91F0
18290	17990	0	9110
18290	17990	0.5888	9120
18290	17990	0	9130
18290	17990	0	9150
18290	17990	1.513	9160
18290	17990	0	9190
18290	17990	0	91E0_sf
18290	17990	0	91E0_va
18290	17990	0	91E0_vc
18290	17990	0	91E0_vm
18290	17990	0	91E0_vn
18290	17990	0	91E0_vo
18290	17990	0	91F0
18898	17991	0	9110
18898	17991	0	9120
18898	17991	0	9130
18898	17991	0	9150
18898	17991	0	9160
18898	17991	8.2788	9190
18898	17991	0	91E0_sf
18898	17991	0	91E0_va
18898	17991	0	91E0_vc
18898	17991	0	91E0_vm
18898	17991	0	91E0_vn
18898	17991	0	91E0_vo
18898	17991	0	91F0
19158	16708	0	9110
19158	16708	19.674	9120
19158	16708	0	9130
19158	16708	0	9150
19158	16708	0	9160
19158	16708	50.8586	9190
19158	16708	0	91E0_sf
19158	16708	0	91E0_va
19158	16708	0	91E0_vc
19158	16708	19.5585	91E0_vm
19158	16708	0	91E0_vn
19158	16708	5.8578	91E0_vo
19158	16708	0	91F0
20274	17990	0	9110
20274	17990	0.0117	9120
20274	17990	0	9130
20274	17990	0	9150
20274	17990	2.9883	9160
20274	17990	0	9190
20274	17990	0	91E0_sf
20274	17990	0	91E0_va
20274	17990	0	91E0_vc
20274	17990	0	91E0_vm
20274	17990	0	91E0_vn
20274	17990	0	91E0_vo
20274	17990	0	91F0
20470	17990	0	9110
20470	17990	0	9120
20470	17990	0	9130
20470	17990	0	9150
20470	17990	0	9160
20470	17990	24.9715	9190
20470	17990	0	91E0_sf
20470	17990	0	91E0_va
20470	17990	0	91E0_vc
20470	17990	48.3696	91E0_vm
20470	17990	5.1649	91E0_vn
20470	17990	5.9463	91E0_vo
20470	17990	0	91F0
20614	17709	0	9110
20614	17709	18.8269	9120
20614	17709	0	9130
20614	17709	0	9150
20614	17709	0	9160
20614	17709	9.4483	9190
20614	17709	0	91E0_sf
20614	17709	0	91E0_va
20614	17709	0	91E0_vc
20614	17709	0	91E0_vm
20614	17709	0	91E0_vn
20614	17709	0	91E0_vo
20614	17709	0	91F0
21025	18002	0	9110
21025	18002	0	9120
21025	18002	1.529	9130
21025	18002	1.529	9150
21025	18002	0	9160
21025	18002	0	9190
21025	18002	0	91E0_sf
21025	18002	0	91E0_va
21025	18002	0	91E0_vc
21025	18002	0	91E0_vm
21025	18002	0	91E0_vn
21025	18002	0	91E0_vo
21025	18002	0	91F0
21714	16332	0	9110
21714	16332	0	9120
21714	16332	0	9130
21714	16332	0	9150
21714	16332	0	9160
21714	16332	1.5023	9190
21714	16332	0	91E0_sf
21714	16332	0	91E0_va
21714	16332	0	91E0_vc
21714	16332	0	91E0_vm
21714	16332	0	91E0_vn
21714	16332	0	91E0_vo
21714	16332	0	91F0
22726	17710	0	9110
22726	17710	4.0617	9120
22726	17710	0.2715	9130
22726	17710	0.2715	9150
22726	17710	23.9183	9160
22726	17710	0	9190
22726	17710	0	91E0_sf
22726	17710	57.278	91E0_va
22726	17710	57.278	91E0_vc
22726	17710	12.4376	91E0_vm
22726	17710	0.141	91E0_vn
22726	17710	0	91E0_vo
22726	17710	0	91F0
23238	17711	0	9110
23238	17711	44.4735	9120
23238	17711	0	9130
23238	17711	0	9150
23238	17711	101.9601	9160
23238	17711	0	9190
23238	17711	0	91E0_sf
23238	17711	26.5302	91E0_va
23238	17711	26.5302	91E0_vc
23238	17711	1.1537	91E0_vm
23238	17711	0	91E0_vn
23238	17711	0	91E0_vo
23238	17711	0	91F0
23257	16621	0	9110
23257	16621	4.1519	9120
23257	16621	29.4852	9130
23257	16621	29.4852	9150
23257	16621	0	9160
23257	16621	0	9190
23257	16621	0	91E0_sf
23257	16621	1.5078	91E0_va
23257	16621	1.5078	91E0_vc
23257	16621	0	91E0_vm
23257	16621	0	91E0_vn
23257	16621	0	91E0_vo
23257	16621	0	91F0
23385	17687	0	9110
23385	17687	0	9120
23385	17687	9.0126	9130
23385	17687	9.0126	9150
23385	17687	0	9160
23385	17687	0	9190
23385	17687	0	91E0_sf
23385	17687	1.3142	91E0_va
23385	17687	1.3142	91E0_vc
23385	17687	0	91E0_vm
23385	17687	0	91E0_vn
23385	17687	0	91E0_vo
23385	17687	0	91F0
26393	17269	0	9110
26393	17269	1.616	9120
26393	17269	33.7976	9130
26393	17269	33.7976	9150
26393	17269	0	9160
26393	17269	0	9190
26393	17269	0	91E0_sf
26393	17269	8.4955	91E0_va
26393	17269	8.4955	91E0_vc
26393	17269	0	91E0_vm
26393	17269	0	91E0_vn
26393	17269	0	91E0_vo
26393	17269	0	91F0
26822	17710	0	9110
26822	17710	3.1637	9120
26822	17710	0	9130
26822	17710	0	9150
26822	17710	66.7679	9160
26822	17710	0	9190
26822	17710	0	91E0_sf
26822	17710	3.5394	91E0_va
26822	17710	3.5394	91E0_vc
26822	17710	0	91E0_vm
26822	17710	0	91E0_vn
26822	17710	0	91E0_vo
26822	17710	0	91F0
27474	17989	0	9110
27474	17989	0	9120
27474	17989	0	9130
27474	17989	0	9150
27474	17989	0	9160
27474	17989	0.4906	9190
27474	17989	0	91E0_sf
27474	17989	0	91E0_va
27474	17989	0	91E0_vc
27474	17989	0	91E0_vm
27474	17989	0	91E0_vn
27474	17989	0	91E0_vo
27474	17989	0	91F0
28546	18002	50.4609	9110
28546	18002	16.9419	9120
28546	18002	38.1262	9130
28546	18002	38.2059	9150
28546	18002	48.7717	9160
28546	18002	0	9190
28546	18002	0	91E0_sf
28546	18002	4.9308	91E0_va
28546	18002	4.9308	91E0_vc
28546	18002	0	91E0_vm
28546	18002	0	91E0_vn
28546	18002	0	91E0_vo
28546	18002	0	91F0
29558	17989	0	9110
29558	17989	0	9120
29558	17989	0	9130
29558	17989	0	9150
29558	17989	0	9160
29558	17989	0.322	9190
29558	17989	0	91E0_sf
29558	17989	0	91E0_va
29558	17989	0	91E0_vc
29558	17989	0	91E0_vm
29558	17989	0	91E0_vn
29558	17989	0	91E0_vo
29558	17989	0	91F0
31414	17988	0	9110
31414	17988	0	9120
31414	17988	0	9130
31414	17988	0	9150
31414	17988	0	9160
31414	17988	0	9190
31414	17988	0	91E0_sf
31414	17988	0	91E0_va
31414	17988	0	91E0_vc
31414	17988	1.9254	91E0_vm
31414	17988	0	91E0_vn
31414	17988	0	91E0_vo
31414	17988	0	91F0
34361	18733	0	9110
34361	18733	0	9120
34361	18733	13.0456	9130
34361	18733	13.0456	9150
34361	18733	0	9160
34361	18733	0	9190
34361	18733	0	91E0_sf
34361	18733	0	91E0_va
34361	18733	0	91E0_vc
34361	18733	0	91E0_vm
34361	18733	0	91E0_vn
34361	18733	0	91E0_vo
34361	18733	0	91F0
36774	17708	0	9110
36774	17708	64.3943	9120
36774	17708	0	9130
36774	17708	0	9150
36774	17708	105.7737	9160
36774	17708	1.5814	9190
36774	17708	0	91E0_sf
36774	17708	43.965	91E0_va
36774	17708	43.965	91E0_vc
36774	17708	58.9511	91E0_vm
36774	17708	1.4994	91E0_vn
36774	17708	7.816	91E0_vo
36774	17708	0	91F0
41209	18726	0	9110
41209	18726	2.1892	9120
41209	18726	4.4113	9130
41209	18726	4.4113	9150
41209	18726	0	9160
41209	18726	0	9190
41209	18726	0	91E0_sf
41209	18726	6.4156	91E0_va
41209	18726	6.4156	91E0_vc
41209	18726	0	91E0_vm
41209	18726	0	91E0_vn
41209	18726	0	91E0_vo
41209	18726	0	91F0
42706	16601	0	9110
42706	16601	0	9120
42706	16601	0	9130
42706	16601	0	9150
42706	16601	0	9160
42706	16601	10.151	9190
42706	16601	0	91E0_sf
42706	16601	0	91E0_va
42706	16601	0	91E0_vc
42706	16601	17.2125	91E0_vm
42706	16601	0	91E0_vn
42706	16601	1.7836	91E0_vo
42706	16601	0	91F0
45305	18726	0	9110
45305	18726	1.8397	9120
45305	18726	9.1564	9130
45305	18726	9.1564	9150
45305	18726	0	9160
45305	18726	0	9190
45305	18726	0	91E0_sf
45305	18726	19.9062	91E0_va
45305	18726	19.9062	91E0_vc
45305	18726	0	91E0_vm
45305	18726	0	91E0_vn
45305	18726	0	91E0_vo
45305	18726	0	91F0
45526	16658	0	9110
45526	16658	0.1302	9120
45526	16658	0	9130
45526	16658	0	9150
45526	16658	0	9160
45526	16658	0	9190
45526	16658	0	91E0_sf
45526	16658	0	91E0_va
45526	16658	0	91E0_vc
45526	16658	3.9394	91E0_vm
45526	16658	0	91E0_vn
45526	16658	0	91E0_vo
45526	16658	0	91F0
53561	16563	0	9110
53561	16563	0	9120
53561	16563	66.077	9130
53561	16563	66.077	9150
53561	16563	0	9160
53561	16563	0	9190
53561	16563	0	91E0_sf
53561	16563	7.7907	91E0_va
53561	16563	7.7907	91E0_vc
53561	16563	0	91E0_vm
53561	16563	0	91E0_vn
53561	16563	0	91E0_vo
53561	16563	0	91F0
55734	18758	0	9110
55734	18758	0	9120
55734	18758	0	9130
55734	18758	0	9150
55734	18758	0	9160
55734	18758	0	9190
55734	18758	0	91E0_sf
55734	18758	0	91E0_va
55734	18758	0	91E0_vc
55734	18758	0.9905	91E0_vm
55734	18758	0	91E0_vn
55734	18758	0	91E0_vo
55734	18758	0	91F0
58198	18774	0	9110
58198	18774	1.2595	9120
58198	18774	0	9130
58198	18774	0	9150
58198	18774	0	9160
58198	18774	0	9190
58198	18774	0	91E0_sf
58198	18774	0	91E0_va
58198	18774	0	91E0_vc
58198	18774	5.802	91E0_vm
58198	18774	0	91E0_vn
58198	18774	0	91E0_vo
58198	18774	0	91F0
68601	18775	0	9110
68601	18775	0	9120
68601	18775	0	9130
68601	18775	0	9150
68601	18775	0	9160
68601	18775	0	9190
68601	18775	0	91E0_sf
68601	18775	0	91E0_va
68601	18775	0	91E0_vc
68601	18775	5.4752	91E0_vm
68601	18775	0	91E0_vn
68601	18775	0	91E0_vo
68601	18775	0	91F0
68790	18767	0	9110
68790	18767	0	9120
68790	18767	0	9130
68790	18767	0	9150
68790	18767	0	9160
68790	18767	0.1278	9190
68790	18767	0	91E0_sf
68790	18767	0	91E0_va
68790	18767	0	91E0_vc
68790	18767	14.7216	91E0_vm
68790	18767	0.7427	91E0_vn
68790	18767	0.3657	91E0_vo
68790	18767	0	91F0
71478	18774	0	9110
71478	18774	0	9120
71478	18774	0	9130
71478	18774	0	9150
71478	18774	0	9160
71478	18774	0	9190
71478	18774	0	91E0_sf
71478	18774	0	91E0_va
71478	18774	0	91E0_vc
71478	18774	1.4751	91E0_vm
71478	18774	0.7341	91E0_vn
71478	18774	0	91E0_vo
71478	18774	0	91F0
80662	18775	0	9110
80662	18775	0	9120
80662	18775	0	9130
80662	18775	0	9150
80662	18775	0	9160
80662	18775	0	9190
80662	18775	0	91E0_sf
80662	18775	0	91E0_va
80662	18775	0	91E0_vc
80662	18775	2.6165	91E0_vm
80662	18775	0	91E0_vn
80662	18775	0	91E0_vo
80662	18775	0	91F0
83318	18773	0	9110
83318	18773	0	9120
83318	18773	0	9130
83318	18773	0	9150
83318	18773	0	9160
83318	18773	0	9190
83318	18773	0	91E0_sf
83318	18773	0	91E0_va
83318	18773	0	91E0_vc
83318	18773	1.2727	91E0_vm
83318	18773	0	91E0_vn
83318	18773	0	91E0_vo
83318	18773	0	91F0
85529	16581	0	9110
85529	16581	0.0675	9120
85529	16581	10.34	9130
85529	16581	10.34	9150
85529	16581	0	9160
85529	16581	0	9190
85529	16581	0	91E0_sf
85529	16581	2.7426	91E0_va
85529	16581	2.7426	91E0_vc
85529	16581	0	91E0_vm
85529	16581	0.0874	91E0_vn
85529	16581	0	91E0_vo
85529	16581	0	91F0
85890	16576	0	9110
85890	16576	0	9120
85890	16576	0	9130
85890	16576	0	9150
85890	16576	0.07	9160
85890	16576	0	9190
85890	16576	0	91E0_sf
85890	16576	2.0194	91E0_va
85890	16576	2.0194	91E0_vc
85890	16576	0	91E0_vm
85890	16576	0	91E0_vn
85890	16576	0	91E0_vo
85890	16576	0	91F0
88274	16588	0	9110
88274	16588	0	9120
88274	16588	0	9130
88274	16588	0	9150
88274	16588	0	9160
88274	16588	0.4801	9190
88274	16588	0	91E0_sf
88274	16588	0	91E0_va
88274	16588	0	91E0_vc
88274	16588	0	91E0_vm
88274	16588	0	91E0_vn
88274	16588	0	91E0_vo
88274	16588	0	91F0
96217	16568	0	9110
96217	16568	27.3489	9120
96217	16568	27.1168	9130
96217	16568	27.1168	9150
96217	16568	0	9160
96217	16568	0	9190
96217	16568	0	91E0_sf
96217	16568	6.5604	91E0_va
96217	16568	6.5604	91E0_vc
96217	16568	0	91E0_vm
96217	16568	0	91E0_vn
96217	16568	0	91E0_vo
96217	16568	0	91F0
103609	16552	0	9110
103609	16552	36.1513	9120
103609	16552	294.1234	9130
103609	16552	294.1234	9150
103609	16552	0	9160
103609	16552	0.7981	9190
103609	16552	0	91E0_sf
103609	16552	35.6599	91E0_va
103609	16552	35.6599	91E0_vc
103609	16552	0	91E0_vm
103609	16552	0	91E0_vn
103609	16552	0	91E0_vo
103609	16552	0	91F0
104342	16548	0	9110
104342	16548	2.0094	9120
104342	16548	0	9130
104342	16548	0	9150
104342	16548	1.448	9160
104342	16548	1.2942	9190
104342	16548	0	91E0_sf
104342	16548	3.8155	91E0_va
104342	16548	3.8155	91E0_vc
104342	16548	1.0213	91E0_vm
104342	16548	0	91E0_vn
104342	16548	0	91E0_vo
104342	16548	0	91F0
112286	18779	0	9110
112286	18779	0	9120
112286	18779	0	9130
112286	18779	0	9150
112286	18779	0	9160
112286	18779	10.3756	9190
112286	18779	0	91E0_sf
112286	18779	0	91E0_va
112286	18779	0	91E0_vc
112286	18779	0	91E0_vm
112286	18779	0	91E0_vn
112286	18779	0.2188	91E0_vo
112286	18779	0	91F0
116946	16324	0	9110
116946	16324	0.4779	9120
116946	16324	0	9130
116946	16324	0	9150
116946	16324	0	9160
116946	16324	5.3085	9190
116946	16324	0	91E0_sf
116946	16324	0	91E0_va
116946	16324	0	91E0_vc
116946	16324	0	91E0_vm
116946	16324	0	91E0_vn
116946	16324	0	91E0_vo
116946	16324	0	91F0
121042	16589	0	9110
121042	16589	0.1423	9120
121042	16589	0	9130
121042	16589	0	9150
121042	16589	0	9160
121042	16589	0.7689	9190
121042	16589	0	91E0_sf
121042	16589	0	91E0_va
121042	16589	0	91E0_vc
121042	16589	1.9797	91E0_vm
121042	16589	0	91E0_vn
121042	16589	2.1882	91E0_vo
121042	16589	0	91F0
132818	18374	0	9110
132818	18374	0	9120
132818	18374	0	9130
132818	18374	0	9150
132818	18374	0	9160
132818	18374	10.151	9190
132818	18374	0	91E0_sf
132818	18374	0	91E0_va
132818	18374	0	91E0_vc
132818	18374	17.2125	91E0_vm
132818	18374	0	91E0_vn
132818	18374	1.7836	91E0_vo
132818	18374	0	91F0
136697	16561	0	9110
136697	16561	0	9120
136697	16561	0	9130
136697	16561	0	9150
136697	16561	0	9160
136697	16561	0	9190
136697	16561	0	91E0_sf
136697	16561	1.2352	91E0_va
136697	16561	1.2352	91E0_vc
136697	16561	0	91E0_vm
136697	16561	0	91E0_vn
136697	16561	0	91E0_vo
136697	16561	0	91F0
140006	16597	0	9110
140006	16597	0	9120
140006	16597	0	9130
140006	16597	0	9150
140006	16597	0	9160
140006	16597	0	9190
140006	16597	0	91E0_sf
140006	16597	0	91E0_va
140006	16597	0	91E0_vc
140006	16597	0	91E0_vm
140006	16597	0	91E0_vn
140006	16597	0.5219	91E0_vo
140006	16597	0	91F0
140374	16609	0	9110
140374	16609	24.4547	9120
140374	16609	0	9130
140374	16609	0	9150
140374	16609	2.1437	9160
140374	16609	16.5641	9190
140374	16609	0	91E0_sf
140374	16609	4.1044	91E0_va
140374	16609	4.1044	91E0_vc
140374	16609	20.8329	91E0_vm
140374	16609	0.4453	91E0_vn
140374	16609	0.822	91E0_vo
140374	16609	0	91F0
146265	16552	0	9110
146265	16552	0	9120
146265	16552	26.3089	9130
146265	16552	26.3089	9150
146265	16552	0	9160
146265	16552	0	9190
146265	16552	0	91E0_sf
146265	16552	26.8521	91E0_va
146265	16552	26.8521	91E0_vc
146265	16552	0	91E0_vm
146265	16552	0.4348	91E0_vn
146265	16552	0	91E0_vo
146265	16552	0	91F0
152786	16332	0	9110
152786	16332	0	9120
152786	16332	0	9130
152786	16332	0	9150
152786	16332	0	9160
152786	16332	1.5023	9190
152786	16332	0	91E0_sf
152786	16332	0	91E0_va
152786	16332	0	91E0_vc
152786	16332	0	91E0_vm
152786	16332	0	91E0_vn
152786	16332	0	91E0_vo
152786	16332	0	91F0
160374	17735	0	9110
160374	17735	0	9120
160374	17735	0	9130
160374	17735	0	9150
160374	17735	0	9160
160374	17735	1.5311	9190
160374	17735	0	91E0_sf
160374	17735	0	91E0_va
160374	17735	0	91E0_vc
160374	17735	0	91E0_vm
160374	17735	0	91E0_vn
160374	17735	0	91E0_vo
160374	17735	0	91F0
164793	16553	0	9110
164793	16553	36.1513	9120
164793	16553	294.1234	9130
164793	16553	294.1234	9150
164793	16553	0	9160
164793	16553	0.7981	9190
164793	16553	0	91E0_sf
164793	16553	35.6599	91E0_va
164793	16553	35.6599	91E0_vc
164793	16553	0	91E0_vm
164793	16553	0	91E0_vn
164793	16553	0	91E0_vo
164793	16553	0	91F0
165913	16932	0	9110
165913	16932	0	9120
165913	16932	2.2957	9130
165913	16932	2.2957	9150
165913	16932	0	9160
165913	16932	0	9190
165913	16932	0	91E0_sf
165913	16932	5.5303	91E0_va
165913	16932	5.5303	91E0_vc
165913	16932	0	91E0_vm
165913	16932	0	91E0_vn
165913	16932	0	91E0_vo
165913	16932	0	91F0
167606	16609	0	9110
167606	16609	10.8804	9120
167606	16609	0	9130
167606	16609	0	9150
167606	16609	0.1012	9160
167606	16609	0	9190
167606	16609	0	91E0_sf
167606	16609	0.2672	91E0_va
167606	16609	0.2672	91E0_vc
167606	16609	4.0186	91E0_vm
167606	16609	0	91E0_vn
167606	16609	0.5528	91E0_vo
167606	16609	0	91F0
187382	18779	0	9110
187382	18779	0	9120
187382	18779	0	9130
187382	18779	0	9150
187382	18779	0	9160
187382	18779	1.5038	9190
187382	18779	0	91E0_sf
187382	18779	0	91E0_va
187382	18779	0	91E0_vc
187382	18779	0.5013	91E0_vm
187382	18779	0	91E0_vn
187382	18779	0.5013	91E0_vo
187382	18779	0	91F0
188022	16588	0	9110
188022	16588	0	9120
188022	16588	0	9130
188022	16588	0	9150
188022	16588	0	9160
188022	16588	0	9190
188022	16588	0	91E0_sf
188022	16588	0	91E0_va
188022	16588	0	91E0_vc
188022	16588	9.6994	91E0_vm
188022	16588	0	91E0_vn
188022	16588	9.3421	91E0_vo
188022	16588	0	91F0
193206	18801	0	9110
193206	18801	0	9120
193206	18801	0	9130
193206	18801	0	9150
193206	18801	0	9160
193206	18801	8.921	9190
193206	18801	0	91E0_sf
193206	18801	0.28	91E0_va
193206	18801	0.28	91E0_vc
193206	18801	12.2891	91E0_vm
193206	18801	0	91E0_vn
193206	18801	5.145	91E0_vo
193206	18801	0	91F0
198137	16567	0	9110
198137	16567	0	9120
198137	16567	0	9130
198137	16567	0	9150
198137	16567	0	9160
198137	16567	0	9190
198137	16567	0	91E0_sf
198137	16567	4.0253	91E0_va
198137	16567	4.0253	91E0_vc
198137	16567	0	91E0_vm
198137	16567	0	91E0_vn
198137	16567	0	91E0_vo
198137	16567	0	91F0
200850	17997	0	9110
200850	17997	0	9120
200850	17997	0	9130
200850	17997	0	9150
200850	17997	0	9160
200850	17997	17.1443	9190
200850	17997	0	91E0_sf
200850	17997	0	91E0_va
200850	17997	0	91E0_vc
200850	17997	17.5979	91E0_vm
200850	17997	0	91E0_vn
200850	17997	0	91E0_vo
200850	17997	0	91F0
201689	16820	0	9110
201689	16820	0	9120
201689	16820	5.6021	9130
201689	16820	5.6021	9150
201689	16820	0	9160
201689	16820	0	9190
201689	16820	0	91E0_sf
201689	16820	1.1813	91E0_va
201689	16820	1.1813	91E0_vc
201689	16820	0	91E0_vm
201689	16820	0	91E0_vn
201689	16820	0	91E0_vo
201689	16820	0	91F0
211193	16573	0	9110
211193	16573	83.8732	9120
211193	16573	13.0015	9130
211193	16573	13.0015	9150
211193	16573	0	9160
211193	16573	0	9190
211193	16573	0	91E0_sf
211193	16573	8.685	91E0_va
211193	16573	8.685	91E0_vc
211193	16573	0.1235	91E0_vm
211193	16573	0.8133	91E0_vn
211193	16573	1.736	91E0_vo
211193	16573	0	91F0
213138	17995	0	9110
213138	17995	0	9120
213138	17995	0	9130
213138	17995	0	9150
213138	17995	0	9160
213138	17995	11.3129	9190
213138	17995	0	91E0_sf
213138	17995	0	91E0_va
213138	17995	0	91E0_vc
213138	17995	61.2685	91E0_vm
213138	17995	0	91E0_vn
213138	17995	0.8243	91E0_vo
213138	17995	0	91F0
218038	17753	0	9110
218038	17753	24.0336	9120
218038	17753	0	9130
218038	17753	0	9150
218038	17753	2.3124	9160
218038	17753	4.451	9190
218038	17753	0	91E0_sf
218038	17753	1.7552	91E0_va
218038	17753	1.7552	91E0_vc
218038	17753	9.8862	91E0_vm
218038	17753	0.536	91E0_vn
218038	17753	1.6775	91E0_vo
218038	17753	0	91F0
219694	17666	0	9110
219694	17666	0	9120
219694	17666	0	9130
219694	17666	0	9150
219694	17666	0	9160
219694	17666	12.1649	9190
219694	17666	0	91E0_sf
219694	17666	0	91E0_va
219694	17666	0	91E0_vc
219694	17666	23.1214	91E0_vm
219694	17666	0	91E0_vn
219694	17666	13.0013	91E0_vo
219694	17666	0	91F0
224726	16548	0	9110
224726	16548	2.3599	9120
224726	16548	0	9130
224726	16548	0	9150
224726	16548	0	9160
224726	16548	0	9190
224726	16548	0	91E0_sf
224726	16548	2.1601	91E0_va
224726	16548	2.1601	91E0_vc
224726	16548	0	91E0_vm
224726	16548	1.8887	91E0_vn
224726	16548	0	91E0_vo
224726	16548	0	91F0
227286	18778	0	9110
227286	18778	4.7314	9120
227286	18778	0	9130
227286	18778	0	9150
227286	18778	0	9160
227286	18778	2.8344	9190
227286	18778	0	91E0_sf
227286	18778	0	91E0_va
227286	18778	0	91E0_vc
227286	18778	2.4208	91E0_vm
227286	18778	0	91E0_vn
227286	18778	2.6491	91E0_vo
227286	18778	0	91F0
230930	16608	0	9110
230930	16608	0.7631	9120
230930	16608	0	9130
230930	16608	0	9150
230930	16608	0	9160
230930	16608	0	9190
230930	16608	0	91E0_sf
230930	16608	0	91E0_va
230930	16608	0	91E0_vc
230930	16608	1.5205	91E0_vm
230930	16608	9.9794	91E0_vn
230930	16608	3.5478	91E0_vo
230930	16608	0	91F0
234297	16561	0	9110
234297	16561	0	9120
234297	16561	2.0379	9130
234297	16561	2.0379	9150
234297	16561	0	9160
234297	16561	0	9190
234297	16561	0	91E0_sf
234297	16561	3.2649	91E0_va
234297	16561	3.2649	91E0_vc
234297	16561	0	91E0_vm
234297	16561	0	91E0_vn
234297	16561	0	91E0_vo
234297	16561	0	91F0
237970	17995	0	9110
237970	17995	0	9120
237970	17995	0	9130
237970	17995	0	9150
237970	17995	0	9160
237970	17995	0	9190
237970	17995	0	91E0_sf
237970	17995	0	91E0_va
237970	17995	0	91E0_vc
237970	17995	0	91E0_vm
237970	17995	0	91E0_vn
237970	17995	2.8378	91E0_vo
237970	17995	0	91F0
253593	17269	0	9110
253593	17269	7.9869	9120
253593	17269	5.1822	9130
253593	17269	5.1822	9150
253593	17269	0	9160
253593	17269	0	9190
253593	17269	0	91E0_sf
253593	17269	5.8448	91E0_va
253593	17269	5.8448	91E0_vc
253593	17269	0	91E0_vm
253593	17269	0	91E0_vn
253593	17269	0	91E0_vo
253593	17269	0	91F0
257081	16553	0	9110
257081	16553	1.2777	9120
257081	16553	41.8343	9130
257081	16553	41.8343	9150
257081	16553	0	9160
257081	16553	0	9190
257081	16553	0	91E0_sf
257081	16553	3.7819	91E0_va
257081	16553	3.7819	91E0_vc
257081	16553	0	91E0_vm
257081	16553	0	91E0_vn
257081	16553	0	91E0_vo
257081	16553	0	91F0
260082	17997	0	9110
260082	17997	0	9120
260082	17997	0	9130
260082	17997	0	9150
260082	17997	0	9160
260082	17997	0	9190
260082	17997	0	91E0_sf
260082	17997	0	91E0_va
260082	17997	0	91E0_vc
260082	17997	0	91E0_vm
260082	17997	0	91E0_vn
260082	17997	0.2036	91E0_vo
260082	17997	0	91F0
262038	17074	0	9110
262038	17074	0	9120
262038	17074	0	9130
262038	17074	0	9150
262038	17074	0	9160
262038	17074	0	9190
262038	17074	0	91E0_sf
262038	17074	0	91E0_va
262038	17074	0	91E0_vc
262038	17074	3.0618	91E0_vm
262038	17074	0	91E0_vn
262038	17074	1.0206	91E0_vo
262038	17074	0	91F0
267513	17715	0	9110
267513	17715	0	9120
267513	17715	0	9130
267513	17715	0	9150
267513	17715	0	9160
267513	17715	0	9190
267513	17715	0	91E0_sf
267513	17715	4.9533	91E0_va
267513	17715	4.9533	91E0_vc
267513	17715	0	91E0_vm
267513	17715	0	91E0_vn
267513	17715	0	91E0_vo
267513	17715	0	91F0
270966	18766	0	9110
270966	18766	0	9120
270966	18766	0	9130
270966	18766	0	9150
270966	18766	0	9160
270966	18766	0	9190
270966	18766	0	91E0_sf
270966	18766	0	91E0_va
270966	18766	0	91E0_vc
270966	18766	0	91E0_vm
270966	18766	0	91E0_vn
270966	18766	2.7938	91E0_vo
270966	18766	0	91F0
271446	18019	0	9110
271446	18019	24.4547	9120
271446	18019	0	9130
271446	18019	0	9150
271446	18019	2.1437	9160
271446	18019	16.5641	9190
271446	18019	0	91E0_sf
271446	18019	4.1044	91E0_va
271446	18019	4.1044	91E0_vc
271446	18019	20.8329	91E0_vm
271446	18019	0.4453	91E0_vn
271446	18019	0.822	91E0_vo
271446	18019	0	91F0
284729	16553	0	9110
284729	16553	21.2836	9120
284729	16553	37.8001	9130
284729	16553	37.8001	9150
284729	16553	0	9160
284729	16553	0	9190
284729	16553	0	91E0_sf
284729	16553	11.901	91E0_va
284729	16553	11.901	91E0_vc
284729	16553	0	91E0_vm
284729	16553	0	91E0_vn
284729	16553	0	91E0_vo
284729	16553	0	91F0
298918	17709	0	9110
298918	17709	64.3943	9120
298918	17709	0	9130
298918	17709	0	9150
298918	17709	105.7737	9160
298918	17709	1.5814	9190
298918	17709	0	91E0_sf
298918	17709	43.965	91E0_va
298918	17709	43.965	91E0_vc
298918	17709	58.9511	91E0_vm
298918	17709	1.4994	91E0_vn
298918	17709	7.816	91E0_vo
298918	17709	0	91F0
298937	16554	0	9110
298937	16554	4.0101	9120
298937	16554	3.2435	9130
298937	16554	3.2435	9150
298937	16554	0	9160
298937	16554	0	9190
298937	16554	0	91E0_sf
298937	16554	2.4806	91E0_va
298937	16554	2.4806	91E0_vc
298937	16554	0	91E0_vm
298937	16554	0	91E0_vn
298937	16554	0	91E0_vo
298937	16554	0	91F0
300534	17751	0	9110
300534	17751	0	9120
300534	17751	0	9130
300534	17751	0	9150
300534	17751	0	9160
300534	17751	0.5217	9190
300534	17751	0	91E0_sf
300534	17751	0	91E0_va
300534	17751	0	91E0_vc
300534	17751	3.03	91E0_vm
300534	17751	0	91E0_vn
300534	17751	0.7204	91E0_vo
300534	17751	0	91F0
302006	17988	0	9110
302006	17988	0	9120
302006	17988	0	9130
302006	17988	0	9150
302006	17988	0	9160
302006	17988	0	9190
302006	17988	0	91E0_sf
302006	17988	0	91E0_va
302006	17988	0	91E0_vc
302006	17988	0	91E0_vm
302006	17988	0	91E0_vn
302006	17988	3.2522	91E0_vo
302006	17988	0	91F0
304338	16335	0	9110
304338	16335	0	9120
304338	16335	0	9130
304338	16335	0	9150
304338	16335	0	9160
304338	16335	15.9426	9190
304338	16335	0	91E0_sf
304338	16335	0	91E0_va
304338	16335	0	91E0_vc
304338	16335	0	91E0_vm
304338	16335	0	91E0_vn
304338	16335	0	91E0_vo
304338	16335	0	91F0
306870	18752	0	9110
306870	18752	0	9120
306870	18752	0	9130
306870	18752	0	9150
306870	18752	0	9160
306870	18752	0	9190
306870	18752	0	91E0_sf
306870	18752	0	91E0_va
306870	18752	0	91E0_vc
306870	18752	0.1731	91E0_vm
306870	18752	0	91E0_vn
306870	18752	0.4038	91E0_vo
306870	18752	0	91F0
311602	17987	0	9110
311602	17987	2.0016	9120
311602	17987	0	9130
311602	17987	0	9150
311602	17987	0	9160
311602	17987	4.3437	9190
311602	17987	0	91E0_sf
311602	17987	0	91E0_va
311602	17987	0	91E0_vc
311602	17987	4.1412	91E0_vm
311602	17987	0	91E0_vn
311602	17987	0.8619	91E0_vo
311602	17987	0	91F0
313305	17976	0	9110
313305	17976	23.3238	9120
313305	17976	12.4503	9130
313305	17976	12.4503	9150
313305	17976	0	9160
313305	17976	0	9190
313305	17976	0	91E0_sf
313305	17976	9.4814	91E0_va
313305	17976	9.4814	91E0_vc
313305	17976	0	91E0_vm
313305	17976	0	91E0_vn
313305	17976	0	91E0_vo
313305	17976	0	91F0
320902	17717	0	9110
320902	17717	0.9381	9120
320902	17717	0	9130
320902	17717	0	9150
320902	17717	2.0474	9160
320902	17717	0	9190
320902	17717	0	91E0_sf
320902	17717	7.3256	91E0_va
320902	17717	7.3256	91E0_vc
320902	17717	0	91E0_vm
320902	17717	0	91E0_vn
320902	17717	0	91E0_vo
320902	17717	0	91F0
335990	18773	0	9110
335990	18773	0.8155	9120
335990	18773	0	9130
335990	18773	0	9150
335990	18773	0	9160
335990	18773	0.1608	9190
335990	18773	0	91E0_sf
335990	18773	0	91E0_va
335990	18773	0	91E0_vc
335990	18773	4.6942	91E0_vm
335990	18773	0	91E0_vn
335990	18773	2.568	91E0_vo
335990	18773	0	91F0
337846	18766	0	9110
337846	18766	0	9120
337846	18766	0	9130
337846	18766	0	9150
337846	18766	0	9160
337846	18766	0	9190
337846	18766	0	91E0_sf
337846	18766	0	91E0_va
337846	18766	0	91E0_vc
337846	18766	0	91E0_vm
337846	18766	0	91E0_vn
337846	18766	1.1671	91E0_vo
337846	18766	0	91F0
346246	17708	0	9110
346246	17708	64.3943	9120
346246	17708	0	9130
346246	17708	0	9150
346246	17708	105.7737	9160
346246	17708	1.5814	9190
346246	17708	0	91E0_sf
346246	17708	43.965	91E0_va
346246	17708	43.965	91E0_vc
346246	17708	58.9511	91E0_vm
346246	17708	1.4994	91E0_vn
346246	17708	7.816	91E0_vo
346246	17708	0	91F0
349433	17716	0	9110
349433	17716	0	9120
349433	17716	0	9130
349433	17716	0	9150
349433	17716	0	9160
349433	17716	0	9190
349433	17716	0	91E0_sf
349433	17716	4.9533	91E0_va
349433	17716	4.9533	91E0_vc
349433	17716	0	91E0_vm
349433	17716	0	91E0_vn
349433	17716	0	91E0_vo
349433	17716	0	91F0
364822	18774	0	9110
364822	18774	0	9120
364822	18774	0	9130
364822	18774	0	9150
364822	18774	0	9160
364822	18774	0	9190
364822	18774	0	91E0_sf
364822	18774	0	91E0_va
364822	18774	0	91E0_vc
364822	18774	0	91E0_vm
364822	18774	0	91E0_vn
364822	18774	1.0502	91E0_vo
364822	18774	0	91F0
404306	18765	0	9110
404306	18765	0	9120
404306	18765	0	9130
404306	18765	0	9150
404306	18765	0	9160
404306	18765	0.617	9190
404306	18765	0	91E0_sf
404306	18765	0	91E0_va
404306	18765	0	91E0_vc
404306	18765	0	91E0_vm
404306	18765	0	91E0_vn
404306	18765	1.8621	91E0_vo
404306	18765	0	91F0
428057	18043	0	9110
428057	18043	0	9120
428057	18043	2.2957	9130
428057	18043	2.2957	9150
428057	18043	0	9160
428057	18043	0	9190
428057	18043	0	91E0_sf
428057	18043	5.5303	91E0_va
428057	18043	5.5303	91E0_vc
428057	18043	0	91E0_vm
428057	18043	0	91E0_vn
428057	18043	0	91E0_vo
428057	18043	0	91F0
431314	16330	0	9110
431314	16330	0	9120
431314	16330	0	9130
431314	16330	0	9150
431314	16330	0	9160
431314	16330	1.5023	9190
431314	16330	0	91E0_sf
431314	16330	0	91E0_va
431314	16330	0	91E0_vc
431314	16330	0	91E0_vm
431314	16330	0	91E0_vn
431314	16330	0	91E0_vo
431314	16330	0	91F0
431494	17707	0	9110
431494	17707	0	9120
431494	17707	0	9130
431494	17707	0	9150
431494	17707	1.2622	9160
431494	17707	0	9190
431494	17707	0	91E0_sf
431494	17707	7.6095	91E0_va
431494	17707	7.6095	91E0_vc
431494	17707	0	91E0_vm
431494	17707	0	91E0_vn
431494	17707	0	91E0_vo
431494	17707	0	91F0
463833	18011	0	9110
463833	18011	0	9120
463833	18011	5.6021	9130
463833	18011	5.6021	9150
463833	18011	0	9160
463833	18011	0	9190
463833	18011	0	91E0_sf
463833	18011	1.1813	91E0_va
463833	18011	1.1813	91E0_vc
463833	18011	0	91E0_vm
463833	18011	0	91E0_vn
463833	18011	0	91E0_vo
463833	18011	0	91F0
466745	17680	0	9110
466745	17680	0	9120
466745	17680	0.9674	9130
466745	17680	0.9674	9150
466745	17680	0	9160
466745	17680	0	9190
466745	17680	0	91E0_sf
466745	17680	5.4197	91E0_va
466745	17680	5.4197	91E0_vc
466745	17680	0	91E0_vm
466745	17680	0	91E0_vn
466745	17680	0	91E0_vo
466745	17680	0	91F0
472889	17949	0	9110
472889	17949	0	9120
472889	17949	0.5212	9130
472889	17949	0.5212	9150
472889	17949	0	9160
472889	17949	0	9190
472889	17949	0	91E0_sf
472889	17949	10.5129	91E0_va
472889	17949	10.5129	91E0_vc
472889	17949	0	91E0_vm
472889	17949	0	91E0_vn
472889	17949	0	91E0_vo
472889	17949	0	91F0
473337	17715	0	9110
473337	17715	83.8732	9120
473337	17715	13.0015	9130
473337	17715	13.0015	9150
473337	17715	0	9160
473337	17715	0	9190
473337	17715	0	91E0_sf
473337	17715	8.685	91E0_va
473337	17715	8.685	91E0_vc
473337	17715	0.1235	91E0_vm
473337	17715	0.8133	91E0_vn
473337	17715	1.736	91E0_vo
473337	17715	0	91F0
480466	16335	0	9110
480466	16335	0	9120
480466	16335	0	9130
480466	16335	0	9150
480466	16335	0	9160
480466	16335	15.9426	9190
480466	16335	0	91E0_sf
480466	16335	0	91E0_va
480466	16335	0	91E0_vc
480466	16335	0	91E0_vm
480466	16335	0	91E0_vn
480466	16335	0	91E0_vo
480466	16335	0	91F0
516441	17687	0	9110
516441	17687	0	9120
516441	17687	0.7353	9130
516441	17687	0.7353	9150
516441	17687	0	9160
516441	17687	0	9190
516441	17687	0	91E0_sf
516441	17687	12.503	91E0_va
516441	17687	12.503	91E0_vc
516441	17687	0	91E0_vm
516441	17687	0	91E0_vn
516441	17687	0	91E0_vo
516441	17687	0	91F0
520582	17707	0	9110
520582	17707	0.8843	9120
520582	17707	0	9130
520582	17707	0	9150
520582	17707	0.1558	9160
520582	17707	0	9190
520582	17707	0	91E0_sf
520582	17707	1.1048	91E0_va
520582	17707	1.1048	91E0_vc
520582	17707	0	91E0_vm
520582	17707	0	91E0_vn
520582	17707	0	91E0_vo
520582	17707	0	91F0
527030	18752	0	9110
527030	18752	0	9120
527030	18752	0	9130
527030	18752	0	9150
527030	18752	0	9160
527030	18752	0	9190
527030	18752	0	91E0_sf
527030	18752	0	91E0_va
527030	18752	0	91E0_vc
527030	18752	3.9384	91E0_vm
527030	18752	0.1135	91E0_vn
527030	18752	1.7343	91E0_vo
527030	18752	0	91F0
544086	18774	0	9110
544086	18774	0	9120
544086	18774	0	9130
544086	18774	0	9150
544086	18774	0	9160
544086	18774	0	9190
544086	18774	0	91E0_sf
544086	18774	0	91E0_va
544086	18774	0	91E0_vc
544086	18774	0	91E0_vm
544086	18774	0	91E0_vn
544086	18774	0.7108	91E0_vo
544086	18774	0	91F0
546002	17364	0	9110
546002	17364	0	9120
546002	17364	0	9130
546002	17364	0	9150
546002	17364	0	9160
546002	17364	1.5023	9190
546002	17364	0	91E0_sf
546002	17364	0	91E0_va
546002	17364	0	91E0_vc
546002	17364	0	91E0_vm
546002	17364	0	91E0_vn
546002	17364	0	91E0_vo
546002	17364	0	91F0
552537	17668	0	9110
552537	17668	0	9120
552537	17668	1.4108	9130
552537	17668	1.4108	9150
552537	17668	0	9160
552537	17668	0	9190
552537	17668	0	91E0_sf
552537	17668	2.6186	91E0_va
552537	17668	2.6186	91E0_vc
552537	17668	0	91E0_vm
552537	17668	0	91E0_vn
552537	17668	0	91E0_vo
552537	17668	0	91F0
570886	17716	0	9110
570886	17716	89.0195	9120
570886	17716	0.2727	9130
570886	17716	0.2727	9150
570886	17716	3.0314	9160
570886	17716	0	9190
570886	17716	0	91E0_sf
570886	17716	0.1942	91E0_va
570886	17716	0.1942	91E0_vc
570886	17716	0	91E0_vm
570886	17716	0	91E0_vn
570886	17716	0	91E0_vo
570886	17716	0	91F0
612246	18024	0	9110
612246	18024	24.6697	9120
612246	18024	0	9130
612246	18024	0	9150
612246	18024	6.8841	9160
612246	18024	1.3425	9190
612246	18024	0	91E0_sf
612246	18024	19.3156	91E0_va
612246	18024	19.3156	91E0_vc
612246	18024	11.9429	91E0_vm
612246	18024	0	91E0_vn
612246	18024	0	91E0_vo
612246	18024	0	91F0
616665	17673	0	9110
616665	17673	0	9120
616665	17673	0	9130
616665	17673	0	9150
616665	17673	0	9160
616665	17673	0	9190
616665	17673	0	91E0_sf
616665	17673	2.0358	91E0_va
616665	17673	2.0358	91E0_vc
616665	17673	0	91E0_vm
616665	17673	3.9076	91E0_vn
616665	17673	0	91E0_vo
616665	17673	0	91F0
642585	17941	0	9110
642585	17941	42.5375	9120
642585	17941	141.7187	9130
642585	17941	141.7187	9150
642585	17941	0	9160
642585	17941	0	9190
642585	17941	0	91E0_sf
642585	17941	7.8034	91E0_va
642585	17941	7.8034	91E0_vc
642585	17941	0	91E0_vm
642585	17941	0	91E0_vn
642585	17941	0	91E0_vo
642585	17941	0	91F0
697062	18801	0	9110
697062	18801	0	9120
697062	18801	0	9130
697062	18801	0	9150
697062	18801	0	9160
697062	18801	8.921	9190
697062	18801	0	91E0_sf
697062	18801	0.28	91E0_va
697062	18801	0.28	91E0_vc
697062	18801	12.2891	91E0_vm
697062	18801	0	91E0_vn
697062	18801	5.145	91E0_vo
697062	18801	0	91F0
735033	18738	0	9110
735033	18738	0	9120
735033	18738	0.5212	9130
735033	18738	0.5212	9150
735033	18738	0	9160
735033	18738	0	9190
735033	18738	0	91E0_sf
735033	18738	10.5129	91E0_va
735033	18738	10.5129	91E0_vc
735033	18738	0	91E0_vm
735033	18738	0	91E0_vn
735033	18738	0	91E0_vo
735033	18738	0	91F0
738265	18766	0	9110
738265	18766	0	9120
738265	18766	0.1564	9130
738265	18766	0.1564	9150
738265	18766	0	9160
738265	18766	0	9190
738265	18766	0	91E0_sf
738265	18766	1.572	91E0_va
738265	18766	1.572	91E0_vc
738265	18766	0	91E0_vm
738265	18766	0	91E0_vn
738265	18766	0	91E0_vo
738265	18766	0	91F0
742610	17364	0	9110
742610	17364	0	9120
742610	17364	0	9130
742610	17364	0	9150
742610	17364	0	9160
742610	17364	15.9426	9190
742610	17364	0	91E0_sf
742610	17364	0	91E0_va
742610	17364	0	91E0_vc
742610	17364	0	91E0_vm
742610	17364	0	91E0_vn
742610	17364	0	91E0_vo
742610	17364	0	91F0
808146	17364	0	9110
808146	17364	0	9120
808146	17364	0	9130
808146	17364	0	9150
808146	17364	0	9160
808146	17364	1.5023	9190
808146	17364	0	91E0_sf
808146	17364	0	91E0_va
808146	17364	0	91E0_vc
808146	17364	0	91E0_vm
808146	17364	0	91E0_vn
808146	17364	0	91E0_vo
808146	17364	0	91F0
828626	17364	0	9110
828626	17364	0	9120
828626	17364	0	9130
828626	17364	0	9150
828626	17364	0	9160
828626	17364	15.9426	9190
828626	17364	0	91E0_sf
828626	17364	0	91E0_va
828626	17364	0	91E0_vc
828626	17364	0	91E0_vm
828626	17364	0	91E0_vn
828626	17364	0	91E0_vo
828626	17364	0	91F0
1280210	17736	0	9110
1280210	17736	0	9120
1280210	17736	0	9130
1280210	17736	0	9150
1280210	17736	0	9160
1280210	17736	1.0687	9190
1280210	17736	0	91E0_sf
1280210	17736	0	91E0_va
1280210	17736	0	91E0_vc
1280210	17736	0	91E0_vm
1280210	17736	0	91E0_vn
1280210	17736	0	91E0_vo
1280210	17736	0	91F0
1479890	17745	0	9110
1479890	17745	0	9120
1479890	17745	0	9130
1479890	17745	0	9150
1479890	17745	0	9160
1479890	17745	1.5023	9190
1479890	17745	0	91E0_sf
1479890	17745	0	91E0_va
1479890	17745	0	91E0_vc
1479890	17745	0	91E0_vm
1479890	17745	0	91E0_vn
1479890	17745	0	91E0_vo
1479890	17745	0	91F0
1594578	17744	0	9110
1594578	17744	0	9120
1594578	17744	0	9130
1594578	17744	0	9150
1594578	17744	0	9160
1594578	17744	1.5023	9190
1594578	17744	0	91E0_sf
1594578	17744	0	91E0_va
1594578	17744	0	91E0_vc
1594578	17744	0	91E0_vm
1594578	17744	0	91E0_vn
1594578	17744	0	91E0_vo
1594578	17744	0	91F0
