recording_givid	survey	user_reference	location	date	latitude	longitude	type_observed	reliability	suitable_mhq	measured
IV2017030215512887	HT31xx_LSVI_StilstaandeWateren	AN_KDN_002_3130a_16	AN_KDN_002	2016-10-14	51.24425035	4.79130122	3	hoog	1	1
IV2017030216035187	HT31xx_LSVI_StilstaandeWateren	AN_KDN_002_3140_16	AN_KDN_002	2016-10-14	51.24425035	4.79130122	5	hoog	1	1
IV2017030812063258	HT31xx_LSVI_StilstaandeWateren	AN_SNE_004_3130a_16	AN_SNE_004	2016-10-18	51.19869718	4.88019249	3	hoog	1	1
IV2017030812170830	HT31xx_LSVI_StilstaandeWateren	AN_SNE_004_3160_16	AN_SNE_004	2016-10-18	51.19869718	4.88019249	7	hoog	1	1
IV2017032009171774	HT31xx_LSVI_StilstaandeWateren	LI_MAT_003_3150_16	LI_MAT_003	2016-08-31	50.9504739	5.45363597	6	hoog	1	1
IV2017032009323636	HT31xx_LSVI_StilstaandeWateren	AN_KAL_007_3160_16	AN_KAL_007	2016-11-04	51.41378327	4.41973119	7	hoog	1	1
IV2017032009392259	HT31xx_LSVI_StilstaandeWateren	LI_OPH_005_3160_16	LI_OPH_005	2016-11-03	51.04917689	5.53603228	7	hoog	1	1
IV2017032009542119	HT31xx_LSVI_StilstaandeWateren	AN_KAL_004_3130a_16	AN_KAL_004	2016-11-04	51.39208599	4.44349329	3	matig	0	1
IV2017032009592467	HT31xx_LSVI_StilstaandeWateren	LI_MAT_001_3130n_16	LI_MAT_001	2016-07-28	50.95983871	5.46715001	4	hoog	1	1
IV2017032010113891	HT31xx_LSVI_StilstaandeWateren	AN_TUR_001_3130a_16	AN_TUR_001	2016-10-20	51.36250429	4.96921856	3	hoog	1	1
IV2017032010205954	HT31xx_LSVI_StilstaandeWateren	AN_BEE_001_3130n_16	AN_BEE_001	2016-10-20	51.3271709	4.8179569	4	hoog	1	1
IV2017032010360108	HT31xx_LSVI_StilstaandeWateren	AN_BEE_001_3130a_16	AN_BEE_001	2016-10-20	51.3271709	4.8179569	3	hoog	1	1
IV2017032010493372	HT31xx_LSVI_StilstaandeWateren	AN_LIL_001_3130a_16	AN_LIL_001	2016-10-13	51.27227892	4.82291154	3	hoog	1	1
IV2017032011215641	HT31xx_LSVI_StilstaandeWateren	AN_VVM_002_3160_16	AN_VVM_002	2016-10-21	51.41403072	4.83746028	7	hoog	1	1
IV2017032011233563	HT31xx_LSVI_StilstaandeWateren	AN_MOL_003_3140_16	AN_MOL_003	2016-10-13	51.23364977	5.19549426	5	hoog	1	1
IV2017032011335845	HT31xx_LSVI_StilstaandeWateren	AN_MOL_003_3130a_16	AN_MOL_003	2016-10-13	51.23364977	5.19549426	3	hoog	1	1
IV2017032011441776	HT31xx_LSVI_StilstaandeWateren	AN_MOL_003_3160_16	AN_MOL_003	2016-10-13	51.23364977	5.19549426	7	hoog	1	1
IV2017032011501490	HT31xx_LSVI_StilstaandeWateren	AN_TVG_004_3130a_16	AN_TVG_004	2016-10-20	51.36987386	4.93587851	3	hoog	1	1
IV2017032809493991	HT31xx_LSVI_StilstaandeWateren	LI_MAT_002_3140_16	LI_MAT_002	2016-08-31	50.95334761	5.45424854	5	hoog	1	1
IV2017032809570000	HT31xx_LSVI_StilstaandeWateren	LI_MAT_002_3130n_16	LI_MAT_002	2016-08-31	50.95334761	5.45424854	4	hoog	1	1
IV2017032810082114	HT31xx_LSVI_StilstaandeWateren	LI_MAT_002_3130a_16	LI_MAT_002	2016-08-31	50.95334761	5.45424854	3	hoog	1	1
IV2017032810192681	HT31xx_LSVI_StilstaandeWateren	LI_LAN_008_3150_16	LI_LAN_008	2016-09-22	50.9413975	5.41165044	6	hoog	1	1
IV2017032810361983	HT31xx_LSVI_StilstaandeWateren	AN_RPT_002_3130n_16	AN_RPT_002	2016-09-09	51.28686365	5.15520577	4	hoog	1	1
IV2017032810490646	HT31xx_LSVI_StilstaandeWateren	AN_RPT_002_3130a_16	AN_RPT_002	2016-09-09	51.28686365	5.15520577	3	hoog	1	1
IV2017040309190179	HT31xx_LSVI_StilstaandeWateren	LI_MAT_009_3130n_16	LI_MAT_009	2016-09-14	50.9576824	5.46218267	4	hoog	1	1
IV2017040309253000	HT31xx_LSVI_StilstaandeWateren	AN_KAL_003_3160_16	AN_KAL_003	2016-09-20	51.40894654	4.43138856	7	hoog	1	1
IV2017040309413235	HT31xx_LSVI_StilstaandeWateren	AN_DVH_003_3130n_16	AN_DVH_003	2016-09-21	51.32525293	4.73478972	4	hoog	1	1
IV2017040309554429	HT31xx_LSVI_StilstaandeWateren	AN_BEE_002_3130a_16	AN_BEE_002	2016-09-21	51.32681727	4.81938165	3	hoog	1	1
IV2017040310093041	HT31xx_LSVI_StilstaandeWateren	AN_TIK_002_3130a_16	AN_TIK_002	2016-09-12	51.27717218	4.99871312	3	hoog	1	1
IV2017040310252958	HT31xx_LSVI_StilstaandeWateren	AN_VOL_001_3130a_16	AN_VOL_001	2016-09-27	51.15887544	5.07831602	3	hoog	1	1
IV2017040410373172	HT31xx_LSVI_StilstaandeWateren	AN_LDL_001_3160_16	AN_LDL_001	2016-09-08	51.33744987	5.02985626	7	hoog	1	1
IV2017040410453770	HT31xx_LSVI_StilstaandeWateren	AN_LDL_003_3160_16	AN_LDL_003	2016-09-08	51.33833151	5.02431151	7	hoog	1	1
IV2017040410525894	HT31xx_LSVI_StilstaandeWateren	AN_LDL_002_3130a_16	AN_LDL_002	2016-09-15	51.32589069	5.02134897	3	hoog	1	1
IV2017042509124286	HT31xx_LSVI_StilstaandeWateren	AN_TVG_003_3130a_16	AN_TVG_003	2016-08-25	51.37153535	4.93416516	3	hoog	1	1
IV2017042509274762	HT31xx_LSVI_StilstaandeWateren	AN_TVG_003_3130n_16	AN_TVG_003	2016-08-25	51.37153535	4.93416516	4	hoog	1	1
IV2017042509374052	HT31xx_LSVI_StilstaandeWateren	LI_MEC_001_3160_16	LI_MEC_001	2016-08-26	50.97735734	5.60980635	7	hoog	1	1
IV2017042509472815	HT31xx_LSVI_StilstaandeWateren	LI_MEC_002_3160_16	LI_MEC_002	2016-08-26	50.97588317	5.61019681	7	hoog	1	1
IV2017042509542011	HT31xx_LSVI_StilstaandeWateren	AN_DVH_004_3140_16	AN_DVH_004	2016-08-23	51.33252006	4.72760402	5	hoog	1	1
IV2017042509585340	HT31xx_LSVI_StilstaandeWateren	AN_DVH_004_3130n_16	AN_DVH_004	2016-08-23	51.33252006	4.72760402	4	hoog	1	1
IV2017042510052573	HT31xx_LSVI_StilstaandeWateren	LI_MAT_007_3150_16	LI_MAT_007	2016-07-27	50.94773667	5.44913094	6	hoog	1	1
IV2017042510131430	HT31xx_LSVI_StilstaandeWateren	LI_MAT_007_3140_16	LI_MAT_007	2016-07-27	50.94773667	5.44913094	5	hoog	1	1
IV2017042510565778	HT31xx_LSVI_StilstaandeWateren	AN_SNE_003_3160_16	AN_SNE_003	2016-09-28	51.19756552	4.87879983	7	hoog	1	1
IV2017042510593494	HT31xx_LSVI_StilstaandeWateren	AN_SNE_003_3130a_16	AN_SNE_003	2016-09-28	51.19756552	4.87879983	3	hoog	1	1
IV2017042511032923	HT31xx_LSVI_StilstaandeWateren	LI_VZB_008_3160_16	LI_VZB_008	2016-09-26	51.08739903	5.33362008	7	hoog	1	1
IV2017042511154407	HT31xx_LSVI_StilstaandeWateren	AN_DES_004_3130a_16	AN_DES_004	2016-09-15	51.26456384	5.16555556	3	hoog	1	1
IV2017042511431890	HT31xx_LSVI_StilstaandeWateren	AN_DES_004_3160_16	AN_DES_004	2016-09-15	51.26456384	5.16555556	7	hoog	1	1
IV2017042511540583	HT31xx_LSVI_StilstaandeWateren	AN_GSV_002_3130n_16	AN_GSV_002	2016-09-30	51.33589415	4.55857979	4	hoog	1	1
IV2017042513300849	HT31xx_LSVI_StilstaandeWateren	LI_MAT_004_3130n_16	LI_MAT_004	2016-08-30	50.95019429	5.45132872	4	hoog	1	1
IV2017062909012541	HT31xx_LSVI_StilstaandeWateren	LI_WIK_005_3130a_16	LI_WIK_005	2016-08-04	50.97062952	5.42640296	3	hoog	1	1
IV2017072508474428	HT31xx_LSVI_StilstaandeWateren	LI_BOK_004_3130n_16	LI_BOK_004	2016-09-16	50.96293333	5.39204832	4	hoog	1	1
IV2017072509005921	HT31xx_LSVI_StilstaandeWateren	LI_BOK_004_3130a_16	LI_BOK_004	2016-09-16	50.96293333	5.39204832	3	hoog	1	1
IV2017120618361898	HT31xx_LSVI_StilstaandeWateren	LI_DON_003_3160_17	LI_DON_003	2017-09-22	51.0546836	5.51019945	7	hoog	1	1
IV2017120618385593	HT31xx_LSVI_StilstaandeWateren	LI_DON_002_3160_17	LI_DON_002	2017-09-22	51.0545075	5.51266365	7	hoog	1	1
IV2017120707274258	HT31xx_LSVI_StilstaandeWateren	LI_DON_002_3130a_17	LI_DON_002	2017-09-22	51.0545075	5.51266365	3	hoog	1	1
IV2017120707423829	HT31xx_LSVI_StilstaandeWateren	AN_RPT_003_3130a_17	AN_RPT_003	2017-07-26	51.29207002	5.15197072	3	hoog	1	1
IV2017120707501887	HT31xx_LSVI_StilstaandeWateren	AN_RPT_003_3130n_17	AN_RPT_003	2017-07-26	51.29207002	5.15197072	4	hoog	1	1
IV2017120708015628	HT31xx_LSVI_StilstaandeWateren	LI_WIK_002_3130a_16	LI_WIK_002	2016-07-25	50.97175918	5.41903774	3	hoog	1	1
IV2017120708120471	HT31xx_LSVI_StilstaandeWateren	LI_TEU_004_3130a_17	LI_TEU_004	2017-08-28	51.0021441	5.41484724	3	hoog	1	1
IV2017120708235225	HT31xx_LSVI_StilstaandeWateren	LI_TEU_004_3160_17	LI_TEU_004	2017-08-28	51.0021441	5.41484724	7	hoog	1	1
IV2017120807095988	HT31xx_LSVI_StilstaandeWateren	LI_MLV_016_3140_17	LI_MLV_016	2017-10-20	50.98084203	5.31860186	5	hoog	1	1
IV2017120807160378	HT31xx_LSVI_StilstaandeWateren	LI_MLV_016_3130n_17	LI_MLV_016	2017-10-20	50.98084203	5.31860186	4	hoog	1	1
IV2017120807201262	HT31xx_LSVI_StilstaandeWateren	LI_MLV_016_3130a_17	LI_MLV_016	2017-10-20	50.98084203	5.31860186	3	hoog	1	1
IV2017120807491938	HT31xx_LSVI_StilstaandeWateren	AN_BLA_001_3130a_17	AN_BLA_001	2017-07-14	51.33366978	4.81887489	3	hoog	1	1
IV2017120807593495	HT31xx_LSVI_StilstaandeWateren	AN_BLA_001_3130n_17	AN_BLA_001	2017-07-14	51.33366978	4.81887489	4	hoog	1	1
IV2017120808142110	HT31xx_LSVI_StilstaandeWateren	AN_SEL_002_3150_17	AN_SEL_002	2017-06-29	51.17240484	5.0547551	6	hoog	1	1
IV2017120808302127	HT31xx_LSVI_StilstaandeWateren	VB_VIE_004_3150_17	VB_VIE_004	2017-07-07	51.01657302	4.97743116	6	hoog	1	1
IV2017120808375733	HT31xx_LSVI_StilstaandeWateren	VB_VIE_004_3130a_17	VB_VIE_004	2017-07-07	51.01657302	4.97743116	3	hoog	1	1
IV2017120813404463	HT31xx_LSVI_StilstaandeWateren	LI_DKV_002_3140_17	LI_DKV_002	2017-06-27	50.77689031	5.48464794	5	hoog	1	1
IV2017120813445226	HT31xx_LSVI_StilstaandeWateren	AN_GSV_004_3140_17	AN_GSV_004	2017-08-18	51.33495844	4.55126662	5	hoog	1	1
IV2017120813484970	HT31xx_LSVI_StilstaandeWateren	AN_GSV_004_3150_17	AN_GSV_004	2017-08-18	51.33495844	4.55126662	6	hoog	1	1
IV2017120814051602	HT31xx_LSVI_StilstaandeWateren	LI_MLV_010_3140_17	LI_MLV_010	2017-10-12	50.97513484	5.3169537	5	hoog	0	1
IV2017120814135316	HT31xx_LSVI_StilstaandeWateren	LI_MLV_010_3130n_17	LI_MLV_010	2017-10-12	50.97513484	5.3169537	4	hoog	1	1
IV2017120814183435	HT31xx_LSVI_StilstaandeWateren	LI_MLV_010_3130a_17	LI_MLV_010	2017-10-12	50.97513484	5.3169537	3	hoog	0	1
IV2017121311203577	HT31xx_LSVI_StilstaandeWateren	AN_RVS_002_3130n_17	AN_RVS_002	2017-09-01	51.34408879	4.70406303	4	hoog	1	1
IV2017121311300313	HT31xx_LSVI_StilstaandeWateren	AN_BOG_001_3130a_17	AN_BOG_001	2017-09-28	51.41993335	5.05007801	3	hoog	1	1
IV2017121311393451	HT31xx_LSVI_StilstaandeWateren	AN_BOG_001_3130n_17	AN_BOG_001	2017-09-28	51.41993335	5.05007801	4	hoog	1	1
IV2017121311445717	HT31xx_LSVI_StilstaandeWateren	LI_MUN_002_3130n_17	LI_MUN_002	2017-09-18	50.90220881	5.54185552	4	hoog	1	1
IV2017121311494712	HT31xx_LSVI_StilstaandeWateren	LI_BOK_007_3130n_17	LI_BOK_007	2016-09-20	50.96342592	5.39250165	4	hoog	1	1
IV2017121312021093	HT31xx_LSVI_StilstaandeWateren	LI_BOK_007_3130a_17	LI_BOK_007	2016-09-20	50.96342592	5.39250165	3	hoog	1	1
IV2017121415063194	HT31xx_LSVI_StilstaandeWateren	OV_FON_001_3150_17	OV_FON_001	2017-07-20	51.17620349	4.01064951	6	hoog	1	1
IV2017121415181838	HT31xx_LSVI_StilstaandeWateren	AN_ZAM_002_3150_17	AN_ZAM_002	2017-08-02	51.09826208	4.96144675	6	hoog	1	1
IV2018010315005388	HT31xx_LSVI_StilstaandeWateren	AN_GSV_006_3160_17	AN_GSV_006	2017-08-18	51.34852052	4.56187715	7	hoog	0	1
IV2018020909033210	HT31xx_LSVI_StilstaandeWateren	AN_ZAM_003_3150_17	AN_ZAM_003	2017-08-02	51.09815659	4.96232363	6	hoog	1	1
IV2018020909145948	HT31xx_LSVI_StilstaandeWateren	AN_GSV_003_3130a_17	AN_GSV_003	2017-08-18	51.33620992	4.55834242	3	hoog	1	1
IV2018020909312908	HT31xx_LSVI_StilstaandeWateren	AN_BGO_002_3130a_17	AN_BGO_002	2017-09-06	51.21711752	5.17882395	3	hoog	1	1
IV2018020909370337	HT31xx_LSVI_StilstaandeWateren	AN_BGO_002_3130n_17	AN_BGO_002	2017-09-06	51.21711752	5.17882395	4	hoog	1	1
IV2018020909501549	HT31xx_LSVI_StilstaandeWateren	AN_BGO_002_3140_17	AN_BGO_002	2017-09-06	51.21711752	5.17882395	5	hoog	1	1
IV2018020910124046	HT31xx_LSVI_StilstaandeWateren	AN_BGO_002_3160_17	AN_BGO_002	2017-09-06	51.21711752	5.17882395	7	laag	1	1
IV2018020910244945	HT31xx_LSVI_StilstaandeWateren	AN_BGO_001_3130a_17	AN_BGO_001	2017-09-06	51.21296318	5.16170094	3	hoog	1	1
IV2018020910314240	HT31xx_LSVI_StilstaandeWateren	AN_BGO_001_3130n_17	AN_BGO_001	2017-09-06	51.21296318	5.16170094	4	hoog	1	1
IV2018020910422627	HT31xx_LSVI_StilstaandeWateren	AN_BGO_001_3150_17	AN_BGO_001	2017-09-06	51.21296318	5.16170094	6	hoog	1	1
IV2018020911440914	HT31xx_LSVI_StilstaandeWateren	AN_GRD_003_3130n_17	AN_GRD_003	2017-09-06	51.32622006	5.11794154	4	hoog	1	1
IV2018020911503453	HT31xx_LSVI_StilstaandeWateren	AN_GRD_003_3140_17	AN_GRD_003	2017-09-06	51.32622006	5.11794154	5	hoog	1	1
IV2018020911594119	HT31xx_LSVI_StilstaandeWateren	AN_KVD_003_3130a_17	AN_KVD_003	2017-09-15	51.36087833	5.01055923	3	hoog	1	1
IV2018020912063019	HT31xx_LSVI_StilstaandeWateren	AN_KVD_003_3160_17	AN_KVD_003	2017-09-15	51.36087833	5.01055923	7	hoog	1	1
IV2018022807152484	HT31xx_LSVI_StilstaandeWateren	LI_ABH_011_3160_17	LI_ABH_011	2017-06-30	51.0500882	5.02523548	7	hoog	1	1
IV2018022807290902	HT31xx_LSVI_StilstaandeWateren	OV_STB_002_3130a_17	OV_STB_002	2017-08-04	51.24306158	4.06987356	3	hoog	1	1
IV2018022807471313	HT31xx_LSVI_StilstaandeWateren	OV_STB_002_3140_17	OV_STB_002	2017-08-04	51.24306158	4.06987356	5	hoog	1	1
IV2018022808000208	HT31xx_LSVI_StilstaandeWateren	AN_RAV_002_3130a_17	AN_RAV_002	2017-09-15	51.38731592	5.0704429	3	hoog	1	1
IV2018022808115644	HT31xx_LSVI_StilstaandeWateren	AN_KSV_002_GH_17	AN_KSV_002	2017-10-06	51.36295726	4.4908214	1	hoog	0	1
IV2018022808192220	HT31xx_LSVI_StilstaandeWateren	AN_KSV_005_3160_17	AN_KSV_005	2017-10-06	51.35603607	4.49189713	7	hoog	1	1
IV2018022808283147	HT31xx_LSVI_StilstaandeWateren	AN_KSV_004_3160_17	AN_KSV_004	2017-10-10	51.36103068	4.49344772	7	hoog	1	1
IV2018022808380131	HT31xx_LSVI_StilstaandeWateren	LI_TOM_002_3150_17	LI_TOM_002	2017-10-02	50.93273018	5.3085722	6	hoog	1	1
IV2018022808440555	HT31xx_LSVI_StilstaandeWateren	LI_TOM_002_3130a_17	LI_TOM_002	2017-10-02	50.93273018	5.3085722	3	hoog	1	1
IV2018022808530677	HT31xx_LSVI_StilstaandeWateren	VB_VDB_001_3150_17	VB_VDB_001	2017-10-02	51.02714485	5.11029609	6	hoog	1	1
IV2018022808561819	HT31xx_LSVI_StilstaandeWateren	AN_TIE_002_3130a_17	AN_TIE_002	2017-10-05	51.26556387	4.91124619	3	hoog	1	1
IV2018022809110643	HT31xx_LSVI_StilstaandeWateren	AN_TIE_002_3160_17	AN_TIE_002	2017-10-05	51.26556387	4.91124619	7	hoog	1	1
IV2018022809172113	HT31xx_LSVI_StilstaandeWateren	AN_MOE_001_3140_17	AN_MOE_001	2017-09-29	51.39998161	4.90402894	5	hoog	1	1
IV2018022809230402	HT31xx_LSVI_StilstaandeWateren	AN_MOE_001_3130a_17	AN_MOE_001	2017-09-29	51.39998161	4.90402894	3	hoog	1	1
IV2018022811012850	HT31xx_LSVI_StilstaandeWateren	AN_KAL_006_3160_17	AN_KAL_006	2017-10-27	51.40426688	4.440008	7	hoog	1	1
IV2018022811445956	HT31xx_LSVI_StilstaandeWateren	LI_VZB_001_3160_17	LI_VZB_001	2017-10-18	51.09025623	5.3431185	7	hoog	1	1
IV2018030107523816	HT31xx_LSVI_StilstaandeWateren	VB_VOR_002_3150_17	VB_VOR_002	2017-08-16	50.9726112	4.79296745	6	hoog	1	1
IV2018030108093775	HT31xx_LSVI_StilstaandeWateren	VB_VOR_003_3150_17	VB_VOR_003	2017-08-16	50.97272192	4.79309842	6	hoog	1	1
IV2018030108203323	HT31xx_LSVI_StilstaandeWateren	VB_KBL_001_3150_17	VB_KBL_001	2017-08-16	50.93352222	4.75434848	6	hoog	1	1
IV2018030108265950	HT31xx_LSVI_StilstaandeWateren	VB_KBL_002_3130a_17	VB_KBL_002	2017-08-16	50.93220238	4.75249673	3	hoog	0	1
IV2018030109245054	HT31xx_LSVI_StilstaandeWateren	LI_PIJ_001_3160_16	LI_PIJ_001	2016-10-13	51.18292358	5.35265206	7	hoog	1	1
IV2018030109342549	HT31xx_LSVI_StilstaandeWateren	AN_KDN_001_3130a_16	AN_KDN_001	2016-10-14	51.24671042	4.7963064	3	hoog	1	1
IV2018030109571495	HT31xx_LSVI_StilstaandeWateren	WV_BUL_002_3130a_17	WV_BUL_002	2017-10-20	51.11005334	3.30784657	3	hoog	1	1
IV2018030110052976	HT31xx_LSVI_StilstaandeWateren	WV_BBV_001_3130a_17	WV_BBV_001	2017-10-18	51.10726132	3.29485682	3	hoog	1	1
IV2018030110125920	HT31xx_LSVI_StilstaandeWateren	WV_BBV_002_3130a_17	WV_BBV_002	2017-10-18	51.10925789	3.29175423	3	hoog	1	1
IV2018030110195394	HT31xx_LSVI_StilstaandeWateren	WV_BBV_002_3130n_17	WV_BBV_002	2017-10-18	51.10925789	3.29175423	4	hoog	1	1
IV2018030110233140	HT31xx_LSVI_StilstaandeWateren	WV_BBV_003_3130a_17	WV_BBV_003	2017-10-18	51.1093172	3.2872267	3	hoog	1	1
IV2018030111095449	HT31xx_LSVI_StilstaandeWateren	LI_MLV_026_3130a_16	LI_MLV_026	2016-09-21	50.97603904	5.30482248	3	hoog	1	1
IV2018030111155389	HT31xx_LSVI_StilstaandeWateren	LI_MLV_026_3130n_16	LI_MLV_026	2017-09-21	50.97603904	5.30482248	4	hoog	1	1
IV2018030115153464	HT31xx_LSVI_StilstaandeWateren	LI_OPH_006_3160_16	LI_OPH_006	2016-09-29	51.04875018	5.5434443	7	hoog	1	1
IV2018030208224229	HT31xx_LSVI_StilstaandeWateren	LI_TOM_001_3150_17	LI_TOM_001	2017-08-01	50.93382249	5.30581349	6	hoog	1	1
IV2018030208294109	HT31xx_LSVI_StilstaandeWateren	AN_ZEG_003_3150_17	AN_ZEG_003	2017-08-24	51.19954901	4.93452738	6	hoog	1	1
IV2018030607315791	HT31xx_LSVI_StilstaandeWateren	AN_KDN_003_3140_17	AN_KDN_003	2017-06-23	51.246551	4.79829426	5	hoog	1	1
IV2018030607421066	HT31xx_LSVI_StilstaandeWateren	AN_KDN_003_3130a_17	AN_KDN_003	2017-06-23	51.246551	4.79829426	3	hoog	1	1
IV2018031512094752	HT31xx_LSVI_StilstaandeWateren	AN_GSV_005_3160_17	AN_GSV_005	2017-09-29	51.3474779	4.56337278	7	hoog	1	1
IV2018031611034923	HT31xx_LSVI_StilstaandeWateren	AN_DVH_007_3130n_17	AN_DVH_007	2017-09-14	51.33024791	4.73737114	4	hoog	1	1
IV2018031612035132	HT31xx_LSVI_StilstaandeWateren	LI_ZUT_001_3140_17	LI_ZUT_001	2017-09-19	50.91122743	5.53582995	5	hoog	1	1
IV2018031612111040	HT31xx_LSVI_StilstaandeWateren	LI_ZUT_001_3130a_17	LI_ZUT_001	2017-09-19	50.91122743	5.53582995	3	hoog	1	1
IV2018082008201439	HT31xx_LSVI_StilstaandeWateren	LI_TEU_005_3160_17	LI_TEU_005	2017-08-28	51.00063045	5.44884162	7	hoog	1	1
IV2018082010271159	HT31xx_LSVI_StilstaandeWateren	AN_BAS_001_3150_17	AN_BAS_001	2017-10-09	51.149567	5.18380131	6	hoog	1	1
IV2018082011540115	HT31xx_LSVI_StilstaandeWateren	WV_DAM_001_3150_17	WV_DAM_001	2017-10-10	51.25205599	3.27656709	6	hoog	1	1
IV2018082012290419	HT31xx_LSVI_StilstaandeWateren	AN_STB_001_3150_17	AN_STB_001	2017-08-21	51.15483159	4.60525056	6	hoog	1	1
IV2018082012413631	HT31xx_LSVI_StilstaandeWateren	LI_TEU_005_3160_16	LI_TEU_005	2016-10-20	51.00063045	5.44884162	7	hoog	1	1
IV2018082012595751	HT31xx_LSVI_StilstaandeWateren	LI_TEU_005_3130a_17	LI_TEU_005	2017-08-28	51.00063045	5.44884162	3	hoog	1	1
IV2018082013250933	HT31xx_LSVI_StilstaandeWateren	WV_BUL_002_WEG_17	WV_BUL_002	2017-10-20	51.11005334	3.30784657	1	hoog	0	1
IV2018082013483710	HT31xx_LSVI_StilstaandeWateren	LI_SBB_005_3130a_16	LI_SBB_005	2016-09-22	50.99345739	5.40814113	3	hoog	0	1
IV2018082014043254	HT31xx_LSVI_StilstaandeWateren	LI_SBB_005_3160_16	LI_SBB_005	2016-09-22	50.99345739	5.40814113	7	hoog	0	1
IV2018082014281713	HT31xx_LSVI_StilstaandeWateren	LI_SBB_004_3130n_16	LI_SBB_004	2016-09-27	50.98248585	5.3881459	4	hoog	1	1
IV2018082014440693	HT31xx_LSVI_StilstaandeWateren	LI_BOK_008_3130n_16	LI_BOK_008	2016-09-08	50.95867101	5.38751202	4	hoog	1	1
IV2018082015012770	HT31xx_LSVI_StilstaandeWateren	LI_BOK_008_3130a_16	LI_BOK_008	2016-09-20	50.95867101	5.38751202	3	hoog	1	1
IV2018082107552331	HT31xx_LSVI_StilstaandeWateren	LI_BOK_006_3130n_16	LI_BOK_006	2016-09-13	50.95009032	5.38040066	4	hoog	1	1
IV2018082108175259	HT31xx_LSVI_StilstaandeWateren	LI_BOK_006_3130a_16	LI_BOK_006	2016-09-13	50.95009032	5.38040066	3	hoog	1	1
IV2018082108365086	HT31xx_LSVI_StilstaandeWateren	LI_WIK_007_3130a_16	LI_WIK_007	2016-09-08	50.96846037	5.42831173	3	matig	0	1
IV2018082108515790	HT31xx_LSVI_StilstaandeWateren	AN_VVM_001_3130n_16	AN_VVM_001	2016-09-20	51.41117486	4.82677066	4	hoog	1	1
IV2018082109012829	HT31xx_LSVI_StilstaandeWateren	WV_LEI_003_3150_17	WV_LEI_003	2017-08-09	51.15550649	3.26875102	6	hoog	1	1
IV2018082109180907	HT31xx_LSVI_StilstaandeWateren	LI_WIK_007_3130n_16	LI_WIK_007	2016-09-08	50.96846037	5.42831173	4	laag	1	1
IV2018082110485943	HT31xx_LSVI_StilstaandeWateren	AN_RAV_003_3130a_18	AN_RAV_003	2018-06-04	51.42137719	5.05726764	3	hoog	1	1
IV2018082215075182	HT31xx_LSVI_StilstaandeWateren	LI_HAG_002_3130a_18	LI_HAG_002	2018-06-05	51.26253609	5.41411484	3	hoog	1	1
IV2018082308241033	HT31xx_LSVI_StilstaandeWateren	AN_VVM_003_3130a_18	AN_VVM_003	2018-06-21	51.47412479	4.7511821	3	hoog	1	1
IV2018082311251393	HT31xx_LSVI_StilstaandeWateren	VB_ASD_001_3130a_18	VB_ASD_001	2018-06-22	51.01703845	5.04049744	3	hoog	1	1
IV2018082315010378	HT31xx_LSVI_StilstaandeWateren	LI_HAG_001_3160_18	LI_HAG_001	2018-06-25	51.26274239	5.41899544	7	hoog	1	1
IV2018082408132366	HT31xx_LSVI_StilstaandeWateren	LI_VZB_007_3160_18	LI_VZB_007	2018-06-29	51.08678254	5.36255613	7	hoog	1	1
IV2018082409480563	HT31xx_LSVI_StilstaandeWateren	LI_VZB_002_3160_18	LI_VZB_002	2018-06-28	51.08366462	5.36853312	7	hoog	1	1
IV2018082412023259	HT31xx_LSVI_StilstaandeWateren	LI_VZB_005_3130a_18	LI_VZB_005	2018-06-28	51.08196445	5.36738532	3	hoog	1	1
IV2018082412304466	HT31xx_LSVI_StilstaandeWateren	LI_VZB_005_3160_18	LI_VZB_005	2018-06-28	51.08196445	5.36738532	7	hoog	1	1
IV2018082413550581	HT31xx_LSVI_StilstaandeWateren	AN_TVG_005_3110_18	AN_TVG_005	2018-07-10	51.36494004	4.9361685	2	hoog	1	1
IV2018082414191907	HT31xx_LSVI_StilstaandeWateren	AN_TVG_005_3130a_18	AN_TVG_005	2018-07-10	51.36494004	4.9361685	3	hoog	1	1
IV2018082414303701	HT31xx_LSVI_StilstaandeWateren	AN_TVG_005_3130n_18	AN_TVG_005	2018-07-10	51.36494004	4.9361685	4	hoog	1	1
IV2018082708265940	HT31xx_LSVI_StilstaandeWateren	AN_TVG_002_3130n_18	AN_TVG_002	2018-07-13	51.37053121	4.9419327	4	hoog	1	1
IV2018082708404936	HT31xx_LSVI_StilstaandeWateren	AN_TVG_002_3110_18	AN_TVG_002	2018-07-13	51.37053121	4.9419327	2	hoog	1	1
IV2018082708514386	HT31xx_LSVI_StilstaandeWateren	AN_TVG_002_3130a_18	AN_TVG_002	2018-07-13	51.37053121	4.9419327	3	hoog	1	1
IV2018082712222671	HT31xx_LSVI_StilstaandeWateren	LI_LOM_001_3130a_18	LI_LOM_001	2018-07-17	51.21856385	5.23762395	3	hoog	1	1
IV2018082714371371	HT31xx_LSVI_StilstaandeWateren	AN_RPT_005_3150_18	AN_RPT_005	2018-07-20	51.29894724	5.14665195	6	hoog	1	1
IV2018082714551969	HT31xx_LSVI_StilstaandeWateren	AN_RPT_005_3140_18	AN_RPT_005	2018-07-20	51.29894724	5.14665195	5	hoog	1	1
IV2018082808303101	HT31xx_LSVI_StilstaandeWateren	LI_VZB_003_3130a_18	LI_VZB_003	2018-07-19	51.087208	5.37464079	3	hoog	1	1
IV2018082808454134	HT31xx_LSVI_StilstaandeWateren	LI_VZB_003_3160_18	LI_VZB_003	2018-07-19	51.087208	5.37464079	7	hoog	1	1
IV2018082814440090	HT31xx_LSVI_StilstaandeWateren	AN_MEC_002_3150_18	AN_MEC_002	2018-06-06	51.01667448	4.50923572	6	hoog	1	1
IV2018082908092463	HT31xx_LSVI_StilstaandeWateren	AN_VOL_002_3130n_18	AN_VOL_002	2018-07-18	51.16221534	5.07857339	4	hoog	1	1
IV2018082908183624	HT31xx_LSVI_StilstaandeWateren	AN_VOL_002_3130a_18	AN_VOL_002	2018-07-18	51.16221534	5.07857339	3	hoog	0	1
IV2018082909343381	HT31xx_LSVI_StilstaandeWateren	LI_HAG_003_3160_18	LI_HAG_003	2018-06-25	51.26074	5.41660686	7	hoog	1	1
IV2018082911514477	HT31xx_LSVI_StilstaandeWateren	LI_SLU_001_3130n_18	LI_SLU_001	2018-08-16	50.93190539	5.65033931	4	hoog	1	1
IV2018082911522950	HT31xx_LSVI_StilstaandeWateren	LI_SLU_001_3130a_18	LI_SLU_001	2018-08-16	50.93190539	5.65033931	3	hoog	0	1
IV2018083008425607	HT31xx_LSVI_StilstaandeWateren	LI_PIJ_002_3130a_17	LI_PIJ_002	2017-08-08	51.17411905	5.35457209	3	hoog	1	1
IV2018083009021339	HT31xx_LSVI_StilstaandeWateren	LI_PIJ_002_3160_17	LI_PIJ_002	2017-08-08	51.17411905	5.35457209	7	hoog	1	1
IV2018083009213994	HT31xx_LSVI_StilstaandeWateren	AN_MOS_002_3160_18	AN_MOS_002	2018-07-18	51.17708799	5.24011933	7	hoog	1	1
IV2018083009353126	HT31xx_LSVI_StilstaandeWateren	LI_WIK_008_3130a_18	LI_WIK_008	2018-08-01	50.97263248	5.42514334	3	hoog	1	1
IV2018083010065136	HT31xx_LSVI_StilstaandeWateren	AN_OLB_002_3130a_18	AN_OLB_002	2018-06-18	51.18935186	4.87497269	3	hoog	1	1
IV2018090409354837	HT31xx_LSVI_StilstaandeWateren	OV_LIN_001_3150_18	OV_LIN_001	2018-07-27	51.16017831	3.97500746	6	hoog	0	1
IV2018090412381639	HT31xx_LSVI_StilstaandeWateren	LI_MOB_001_3130n_18	LI_MOB_001	2018-08-01	51.16319823	5.73812685	4	hoog	1	1
IV2018090412442048	HT31xx_LSVI_StilstaandeWateren	LI_MOB_001_3150_18	LI_MOB_001	2018-08-01	51.16319823	5.73812685	6	hoog	0	1
IV2018090412483372	HT31xx_LSVI_StilstaandeWateren	OV_DON_003_3150_18	OV_DON_003	2018-08-08	51.0267833	3.99464376	6	hoog	1	1
IV2018090508595162	HT31xx_LSVI_StilstaandeWateren	LI_BAT_001_3130a_18	LI_BAT_001	2018-08-01	51.13004585	5.72377425	3	hoog	1	1
IV2018090509082763	HT31xx_LSVI_StilstaandeWateren	LI_BAT_001_3160_18	LI_BAT_001	2018-08-01	51.13004585	5.72377425	7	hoog	1	1
IV2018090509480277	HT31xx_LSVI_StilstaandeWateren	LI_SCH_001_3130n_18	LI_SCH_001	2018-08-02	51.09323908	5.74204378	4	hoog	1	1
IV2018090510080311	HT31xx_LSVI_StilstaandeWateren	WV_GUP_001_3130a_18	WV_GUP_001	2017-10-04	51.07549125	3.34556031	3	hoog	1	1
IV2018090510164322	HT31xx_LSVI_StilstaandeWateren	WV_GUP_002_3130n_17	WV_GUP_002	2017-10-04	51.07745038	3.34352574	4	hoog	1	1
IV2018090510175155	HT31xx_LSVI_StilstaandeWateren	WV_GUP_002_3130a_17	WV_GUP_002	2017-10-04	51.07745038	3.34352574	3	hoog	1	1
IV2018090510275856	HT31xx_LSVI_StilstaandeWateren	LI_BER_004_3130a_18	LI_BER_004	2018-08-02	51.07190001	5.69487076	3	hoog	1	1
IV2018090514203660	HT31xx_LSVI_StilstaandeWateren	AN_ZEG_004_3130a_18	AN_ZEG_004	2017-07-17	51.19412136	4.93904724	3	hoog	1	1
IV2018090514382356	HT31xx_LSVI_StilstaandeWateren	OV_DAM_001_3150_18	OV_DAM_001	2018-07-16	51.0564882	3.83194484	6	hoog	1	1
IV2018090608472872	HT31xx_LSVI_StilstaandeWateren	LI_HOE_001_3130a_18	LI_HOE_001	2018-08-03	50.89578416	5.57140885	3	hoog	1	1
IV2018090609025511	HT31xx_LSVI_StilstaandeWateren	AN_ZEG_002_3130n_17	AN_ZEG_002	2017-08-31	51.19918756	4.93280308	4	hoog	1	1
IV2018090609212270	HT31xx_LSVI_StilstaandeWateren	AN_ZEG_002_3150_17	AN_ZEG_002	2017-08-25	51.19918756	4.93280308	6	hoog	1	1
IV2018090613583635	HT31xx_LSVI_StilstaandeWateren	LI_MLV_002_3130n_18	LI_MLV_002	2018-08-14	50.97632479	5.30687023	4	hoog	1	1
IV2018091008414123	HT31xx_LSVI_StilstaandeWateren	AN_LDL_004_3130a_18	AN_LDL_004	2018-08-31	51.32932916	5.01150278	3	hoog	0	1
IV2018091008443422	HT31xx_LSVI_StilstaandeWateren	AN_VVM_004_3130a_18	AN_VVM_004	2018-08-17	51.4759639	4.75066457	3	hoog	0	1
IV2018091009073533	HT31xx_LSVI_StilstaandeWateren	AN_VVM_004_3160_18	AN_VVM_004	2018-08-17	51.4759639	4.75066457	7	hoog	0	1
IV2018091011515161	HT31xx_LSVI_StilstaandeWateren	LI_MLV_014_3130n_18	LI_MLV_014	2018-08-23	50.96753241	5.33570576	4	hoog	1	1
IV2018091014594933	HT31xx_LSVI_StilstaandeWateren	AN_ENK_002_3130a_18	AN_ENK_002	2018-08-24	51.17958189	4.79089297	3	hoog	1	1
IV2018091015012343	HT31xx_LSVI_StilstaandeWateren	AN_ENK_002_3160_18	AN_ENK_002	2018-08-24	51.17958189	4.79089297	7	hoog	1	1
IV2018091107504655	HT31xx_LSVI_StilstaandeWateren	AN_ENK_001_3160_18	AN_ENK_001	2018-08-24	51.17891546	4.79155922	7	hoog	1	1
IV2018091108383153	HT31xx_LSVI_StilstaandeWateren	LI_MLV_011_3130n_18	LI_MLV_011	2018-08-30	50.96413092	5.29803348	4	hoog	1	1
IV2018091112013619	HT31xx_LSVI_StilstaandeWateren	VB_KOR_001_3150_18	VB_KOR_001	2018-08-22	50.88480099	4.55127618	6	hoog	1	1
IV2018091310241016	HT31xx_LSVI_StilstaandeWateren	LI_JUF_001_3130n_18	LI_JUF_001	2018-08-16	50.93147562	5.65400956	4	hoog	1	1
IV2018091311143990	HT31xx_LSVI_StilstaandeWateren	LI_JUF_001_3130a_18	LI_JUF_001	2018-08-16	50.93147562	5.65400956	3	hoog	0	1
IV2018091311180061	HT31xx_LSVI_StilstaandeWateren	WV_KPV_001_3150_17	WV_KPV_001	2017-10-04	51.11837539	3.24333676	6	hoog	1	1
IV2018091413035960	HT31xx_LSVI_StilstaandeWateren	OV_FON_002_3140_17	OV_FON_002	2017-07-14	51.17304985	4.0088214	5	hoog	1	1
IV2018101005532264	HT31xx_LSVI_StilstaandeWateren	AN_ARE_001_3130a_18	AN_ARE_001	2018-09-21	51.30143229	5.13482414	3	hoog	1	1
IV2018101006000237	HT31xx_LSVI_StilstaandeWateren	AN_ARE_001_3130n_18	AN_ARE_001	2018-09-21	51.30143229	5.13482414	4	hoog	1	1
IV2018101206332344	HT31xx_LSVI_StilstaandeWateren	AN_KSV_001_3160_18	AN_KSV_001	2018-09-25	51.36060264	4.49790135	7	hoog	1	1
IV2018101206401783	HT31xx_LSVI_StilstaandeWateren	LI_BER_001_3130a_18	LI_BER_001	2018-10-05	51.06838868	5.69221921	3	hoog	1	1
IV2018101206470581	HT31xx_LSVI_StilstaandeWateren	LI_BER_001_3130n_18	LI_BER_001	2018-10-05	51.06838868	5.69221921	4	hoog	1	1
IV2018101514360810	HT31xx_LSVI_StilstaandeWateren	AN_E10_002_3130a_18	AN_E10_002	2018-07-25	51.3765988	4.60589241	3	hoog	1	1
IV2018101514410150	HT31xx_LSVI_StilstaandeWateren	AN_E10_002_3150_18	AN_E10_002	2018-07-25	51.3765988	4.60589241	6	hoog	1	1
IV2018101514471402	HT31xx_LSVI_StilstaandeWateren	AN_GKH_001_3130n_18	AN_GKH_001	2018-09-27	51.33216883	4.84528567	4	hoog	1	1
IV2018101514513628	HT31xx_LSVI_StilstaandeWateren	AN_GIE_001_3130a_18	AN_GIE_001	2018-09-28	51.28421128	4.88508727	3	hoog	1	1
IV2018101514541455	HT31xx_LSVI_StilstaandeWateren	AN_GIE_001_3130n_18	AN_GIE_001	2018-09-28	51.28421128	4.88508727	4	hoog	1	1
IV2018101515184939	HT31xx_LSVI_StilstaandeWateren	LI_BOK_001_3150_18	LI_BOK_001	2018-09-18	50.95930638	5.39449751	6	hoog	1	1
IV2018101515220639	HT31xx_LSVI_StilstaandeWateren	VB_VOR_005_3150_18	VB_VOR_005	2018-09-24	50.97131121	4.79321445	6	hoog	1	1
IV2018101515285131	HT31xx_LSVI_StilstaandeWateren	VB_VOR_005_3130a_18	VB_VOR_005	2018-09-24	50.97131121	4.79321445	3	hoog	1	1
IV2018101611291989	HT31xx_LSVI_StilstaandeWateren	AN_DVH_001_3130n_18	AN_DVH_001	2018-10-03	51.32652805	4.71933037	4	hoog	1	1
IV2018101611385572	HT31xx_LSVI_StilstaandeWateren	AN_DVH_005_3130a_18	AN_DVH_005	2018-07-26	51.33046508	4.73113306	3	hoog	1	1
IV2018101611434662	HT31xx_LSVI_StilstaandeWateren	AN_DVH_005_3130n_18	AN_DVH_005	2018-07-26	51.33046508	4.73113306	4	hoog	1	1
IV2018101612012319	HT31xx_LSVI_StilstaandeWateren	AN_E10_001_3130a_18	AN_E10_001	2018-09-20	51.30287269	4.53518526	3	hoog	1	1
IV2018101612080606	HT31xx_LSVI_StilstaandeWateren	AN_E10_001_3130n_18	AN_E10_001	2018-09-20	51.30287269	4.53518526	4	hoog	1	1
IV2018101612141219	HT31xx_LSVI_StilstaandeWateren	AN_E10_001_3140_18	AN_E10_001	2018-09-20	51.30287269	4.53518526	5	hoog	1	1
IV2018101612410860	HT31xx_LSVI_StilstaandeWateren	LI_BOK_002_3130n_18	LI_BOK_002	2018-10-01	50.95808717	5.39023828	4	hoog	1	1
IV2018101612451289	HT31xx_LSVI_StilstaandeWateren	LI_BOK_003_3130n_18	LI_BOK_003	2018-09-18	50.95809482	5.39181837	4	hoog	1	1
IV2018101612510334	HT31xx_LSVI_StilstaandeWateren	LI_BBV_001_3130a_18	LI_BBV_001	2018-09-10	51.03399748	5.60278352	3	hoog	0	1
IV2018101612554328	HT31xx_LSVI_StilstaandeWateren	LI_HAG_004_3130n_18	LI_HAG_004	2018-06-05	51.25920061	5.4086222	4	matig	1	1
IV2018101613004118	HT31xx_LSVI_StilstaandeWateren	LI_HAG_004_3130a_18	LI_HAG_004	2018-06-05	51.25920061	5.4086222	3	hoog	1	1
IV2018101613064311	HT31xx_LSVI_StilstaandeWateren	AN_SNE_008_3130a_18	AN_SNE_008	2018-09-17	51.20948033	4.873433	3	hoog	1	1
IV2018101613143763	HT31xx_LSVI_StilstaandeWateren	AN_ABH_007_3130a_18	AN_ABH_007	2018-09-24	51.04354657	4.96984108	3	matig	0	1
IV2018101613204036	HT31xx_LSVI_StilstaandeWateren	AN_DEB_001_3130a_18	AN_DEB_001	2018-09-25	51.46242209	4.43914449	3	hoog	1	1
IV2018101613254663	HT31xx_LSVI_StilstaandeWateren	AN_SNE_006_3130a_18	AN_SNE_006	2018-09-14	51.2000324	4.88194557	3	hoog	1	1
IV2018101715281848	HT31xx_LSVI_StilstaandeWateren	LI_BER_003_3130n_18	LI_BER_003	2018-10-17	51.06743907	5.69684039	4	hoog	1	1
IV2018101715313167	HT31xx_LSVI_StilstaandeWateren	LI_BER_003_3140_18	LI_BER_003	2018-10-17	51.06743907	5.69684039	5	hoog	1	1
IV2018101719542365	HT31xx_LSVI_StilstaandeWateren	VB_VIN_002_3150_18	VB_VIN_002	2018-09-24	50.83727734	5.13024341	6	hoog	1	1
IV2018101721305466	HT31xx_LSVI_StilstaandeWateren	LI_BEG_003_3130a_18	LI_BEG_003	2018-09-25	51.10281276	5.39217097	3	hoog	0	1
IV2018101721472947	HT31xx_LSVI_StilstaandeWateren	LI_BEG_002_3130a_18	LI_BEG_002	2018-09-24	51.11164441	5.38935912	3	hoog	0	1
IV2018101721571240	HT31xx_LSVI_StilstaandeWateren	LI_EGO_001_3150_18	LI_EGO_001	2018-09-24	50.75013857	5.26452598	6	hoog	1	1
IV2018101722034851	HT31xx_LSVI_StilstaandeWateren	AN_SPB_002_3130a_18	AN_SPB_002	2018-09-24	51.14170434	5.02081106	3	hoog	1	1
IV2018101722193842	HT31xx_LSVI_StilstaandeWateren	OV_KRA_001_3130a_18	OV_KRA_001	2018-10-03	51.07520308	3.48103313	3	hoog	1	1
IV2018101722342586	HT31xx_LSVI_StilstaandeWateren	OV_KRA_001_3130n_18	OV_KRA_001	2018-10-03	51.07520308	3.48103313	4	hoog	1	1
IV2018102513241287	HT31xx_LSVI_StilstaandeWateren	AN_MOL_001_3130n_14	AN_MOL_001	2014-09-01	51.22371863	5.19803463	4	hoog	1	1
IV2018102513330797	HT31xx_LSVI_StilstaandeWateren	AN_MOL_001_3140_14	AN_MOL_001	2014-09-01	51.22371863	5.19803463	5	hoog	1	1
IV2018102513371536	HT31xx_LSVI_StilstaandeWateren	AN_MOL_001_3150_14	AN_MOL_001	2014-09-01	51.22371863	5.19803463	6	hoog	1	1
IV2018102513452791	HT31xx_LSVI_StilstaandeWateren	AN_MOL_002_3150_14	AN_MOL_002	2014-09-01	51.22938033	5.17356659	6	hoog	1	1
IV2018102513502132	HT31xx_LSVI_StilstaandeWateren	AN_HAZ_001_3140_14	AN_HAZ_001	2014-09-08	51.06214799	4.40391946	5	hoog	1	1
IV2018102606574456	HT31xx_LSVI_StilstaandeWateren	LI_MAT_011_3130n_18	LI_MAT_011	2018-10-19	50.95386192	5.4456117	4	hoog	1	1
IV2018102607035926	HT31xx_LSVI_StilstaandeWateren	LI_MAT_012_3130n_18	LI_MAT_012	2018-10-18	50.94252701	5.43367798	4	hoog	1	1
IV2018102912361048	HT31xx_LSVI_StilstaandeWateren	AN_SNE_007_3160_17	AN_SNE_007	2017-07-28	51.20202618	4.88541548	7	hoog	0	1
IV2018102912371643	HT31xx_LSVI_StilstaandeWateren	LI_HEU_003_3160_17	LI_HEU_003	2017-10-04	51.01932052	5.62435802	7	hoog	1	1
IV2018102912480864	HT31xx_LSVI_StilstaandeWateren	AN_SPB_001_3130a_17	AN_SPB_001	2017-06-29	51.14171757	5.01677129	3	hoog	1	1
IV2018102912582617	HT31xx_LSVI_StilstaandeWateren	VB_VIE_005_3150_17	VB_VIE_005	2017-08-23	51.01586667	4.97730734	6	hoog	1	1
IV2018102913022668	HT31xx_LSVI_StilstaandeWateren	VB_VIE_006_3150_17	VB_VIE_006	2017-08-23	51.01528675	4.97683488	6	hoog	1	1
IV2018110808573020	HT31xx_LSVI_StilstaandeWateren	AN_MEL_001_3130a_17	AN_MEL_001	2017-09-13	51.29463205	4.96318542	3	hoog	1	1
IV2018110812564810	HT31xx_LSVI_StilstaandeWateren	AN_MEL_001_3130n_17	AN_MEL_001	2017-09-13	51.29463205	4.96318542	4	hoog	1	1
IV2018110813004302	HT31xx_LSVI_StilstaandeWateren	AN_MEL_001_3140_17	AN_MEL_001	2017-09-13	51.29463205	4.96318542	5	hoog	1	1
IV2018120607573243	HT31xx_LSVI_StilstaandeWateren	LI_MLV_027_GH_17	LI_MLV_027	2017-09-26	50.96474399	5.29997267	1	matig	0	1
IV2018120608194378	HT31xx_LSVI_StilstaandeWateren	LI_DOM_002_3150_17	LI_DOM_002	2017-09-22	51.15634365	5.42522513	6	hoog	1	1
IV2018120608354839	HT31xx_LSVI_StilstaandeWateren	AN_BAS_003_3130a_17	AN_BAS_003	2017-09-22	51.14914878	5.19243308	3	hoog	1	1
IV2018120608511578	HT31xx_LSVI_StilstaandeWateren	LI_THD_003_3130a_17	LI_THD_003	2017-09-19	51.01859196	5.41674459	3	hoog	1	1
IV2018120609024241	HT31xx_LSVI_StilstaandeWateren	LI_BBV_002_3130a_17	LI_BBV_002	2017-09-19	51.03769078	5.60915455	3	hoog	1	1
IV2018120609152559	HT31xx_LSVI_StilstaandeWateren	LI_THD_002_3130a_17	LI_THD_002	2018-09-18	51.02296437	5.42784016	3	hoog	1	1
IV2018120609235071	HT31xx_LSVI_StilstaandeWateren	LI_THD_002_3160_17	LI_THD_002	2017-09-18	51.02296437	5.42784016	7	hoog	1	1
IV2018120609394889	HT31xx_LSVI_StilstaandeWateren	LI_MAT_013_3130n_17	LI_MAT_013	2017-09-15	50.94811621	5.44717413	4	hoog	1	1
IV2018120610032739	HT31xx_LSVI_StilstaandeWateren	LI_KOL_001_3130a_17	LI_KOL_001	2017-09-11	51.19660715	5.48650435	3	hoog	1	1
IV2018120610203136	HT31xx_LSVI_StilstaandeWateren	LI_VOB_001_3130a_17	LI_VOB_001	2017-08-11	50.9720228	5.66509528	3	matig	1	1
IV2018120610423940	HT31xx_LSVI_StilstaandeWateren	LI_VOB_001_3160_17	LI_VOB_001	2017-08-11	50.9720228	5.66509528	7	matig	1	1
IV2018120611054047	HT31xx_LSVI_StilstaandeWateren	LI_DBR_003_3130a_17	LI_DBR_003	2017-08-03	51.12427492	5.70769699	3	hoog	0	1
IV2018120611103928	HT31xx_LSVI_StilstaandeWateren	LI_DBR_002_3130a_17	LI_DBR_002	2017-08-03	51.12332147	5.7000366	3	hoog	1	1
IV2018120611280232	HT31xx_LSVI_StilstaandeWateren	LI_SBB_004_3130a_17	LI_SBB_004	2017-07-20	50.98248585	5.3881459	3	hoog	1	1
IV2018120611315406	HT31xx_LSVI_StilstaandeWateren	LI_SBB_004_3130n_17	LI_SBB_004	2017-07-20	50.98248585	5.3881459	4	hoog	1	1
IV2019042409264442	HT31xx_LSVI_StilstaandeWateren	WV_BUL_002_3130a_16	WV_BUL_002	2016-09-14	51.11005334	3.30784657	3	hoog	1	1
IV2019042409415834	HT31xx_LSVI_StilstaandeWateren	WV_ZGV_001_3130a_16	WV_ZGV_001	2016-08-26	51.08502607	3.23032729	3	hoog	1	1
IV2019042409550003	HT31xx_LSVI_StilstaandeWateren	WV_LEI_001_3150_16	WV_LEI_001	2016-09-14	51.15710715	3.26536018	6	hoog	1	1
IV2019080910510887	HT31xx_LSVI_StilstaandeWateren	AN_WZA_001_3130a_19	AN_WZA_001	2019-08-07	51.24996785	4.75775232	3	hoog	1	1
IV2019080912374366	HT31xx_LSVI_StilstaandeWateren	AN_LIL_003_3130a_19	AN_LIL_003	2019-07-23	51.2860264	4.80420659	3	hoog	1	1
IV2019080912402364	HT31xx_LSVI_StilstaandeWateren	AN_LIL_003_3140_19	AN_LIL_003	2019-07-23	51.2860264	4.80420659	5	hoog	1	1
IV2019080912472073	HT31xx_LSVI_StilstaandeWateren	LI_MLV_013_3130n_19	LI_MLV_013	2019-08-06	50.96920612	5.34409412	4	hoog	1	1
IV2019080912525522	HT31xx_LSVI_StilstaandeWateren	LI_MLV_029_3130n_19	LI_MLV_029	2019-08-06	50.95924836	5.31613508	4	hoog	1	1
IV2019080912572674	HT31xx_LSVI_StilstaandeWateren	AN_MUI_003_3140_19	AN_MUI_003	2019-08-05	51.27842139	5.16636084	5	hoog	1	1
IV2019080913060672	HT31xx_LSVI_StilstaandeWateren	LI_MLV_021_3130n_19	LI_MLV_021	2019-07-30	50.98426225	5.3303679	4	hoog	1	1
IV2019080913170487	HT31xx_LSVI_StilstaandeWateren	LI_MLV_020_3130a_19	LI_MLV_020	2019-07-30	50.98203417	5.32177614	3	hoog	1	1
IV2019080913204931	HT31xx_LSVI_StilstaandeWateren	LI_MLV_020_3130n_19	LI_MLV_020	2019-07-30	50.98203417	5.32177614	4	hoog	1	1
IV2019080913310713	HT31xx_LSVI_StilstaandeWateren	LI_MLV_025_3130a_19	LI_MLV_025	2019-07-29	50.97466137	5.30238397	3	hoog	1	1
IV2019080913355919	HT31xx_LSVI_StilstaandeWateren	LI_MLV_025_3130n_19	LI_MLV_025	2019-07-29	50.97466137	5.30238397	4	hoog	1	1
IV2019080913390919	HT31xx_LSVI_StilstaandeWateren	LI_MLV_025_3140_19	LI_MLV_025	2019-07-29	50.97466137	5.30238397	5	hoog	1	1
IV2019080913483666	HT31xx_LSVI_StilstaandeWateren	AN_DIE_001_3130a_19	AN_DIE_001	2019-08-01	51.24362184	5.20019994	3	hoog	1	1
IV2019080913523810	HT31xx_LSVI_StilstaandeWateren	AN_DIE_001_3130n_19	AN_DIE_001	2019-08-01	51.24362184	5.20019994	4	hoog	1	1
IV2019080913571562	HT31xx_LSVI_StilstaandeWateren	AN_DIE_001_3140_19	AN_DIE_001	2019-08-01	51.24362184	5.20019994	5	hoog	1	1
IV2019080914355110	HT31xx_LSVI_StilstaandeWateren	AN_GSV_008_3130a_19	AN_GSV_008	2019-08-09	51.37406195	4.60439664	3	hoog	1	1
IV2019082908240827	HT31xx_LSVI_StilstaandeWateren	LI_ABH_002_3130a_19	LI_ABH_002	2019-07-08	51.04497272	5.01023765	3	hoog	0	1
IV2019082909514203	HT31xx_LSVI_StilstaandeWateren	LI_EKS_001_3150_19	LI_EKS_001	2019-08-12	51.15705257	5.33537624	6	hoog	1	1
IV2019082909570134	HT31xx_LSVI_StilstaandeWateren	LI_DOM_001_3150_19	LI_DOM_001	2019-08-12	51.17391648	5.43644234	6	hoog	1	1
IV2019082910082519	HT31xx_LSVI_StilstaandeWateren	VB_TOR_003_3140_19	VB_TOR_003	2019-08-13	50.92699431	4.54312053	5	hoog	1	1
IV2019082910171726	HT31xx_LSVI_StilstaandeWateren	LI_WIK_009_3130a_19	LI_WIK_009	2019-08-20	50.97225155	5.42034175	3	hoog	1	1
IV2019082910244478	HT31xx_LSVI_StilstaandeWateren	LI_WIK_009_3130n_19	LI_WIK_009	2019-08-20	50.97225155	5.42034175	4	hoog	1	1
IV2019082913333356	HT31xx_LSVI_StilstaandeWateren	LI_BEG_002_3130a_19	LI_BEG_002	2019-08-21	51.11164441	5.38935912	3	hoog	1	1
IV2019082913384667	HT31xx_LSVI_StilstaandeWateren	LI_MAT_015_3130n_19	LI_MAT_015	2019-08-22	50.95593738	5.46019038	4	hoog	1	1
IV2019082913452312	HT31xx_LSVI_StilstaandeWateren	LI_MAT_016_3130n_19	LI_MAT_016	2019-02-19	50.95547291	5.45894323	4	hoog	1	1
IV2019082913504693	HT31xx_LSVI_StilstaandeWateren	LI_MAT_017_3130n_19	LI_MAT_017	2019-08-19	50.95367477	5.45906397	4	hoog	1	1
IV2019083014205073	HT31xx_LSVI_StilstaandeWateren	LI_LUY_001_3130a_19	LI_LUY_001	2019-08-30	51.16577449	5.65836583	3	matig	0	1
IV2019083014270835	HT31xx_LSVI_StilstaandeWateren	LI_DBR_001_3150_19	LI_DBR_001	2019-08-30	51.12515511	5.70132624	6	hoog	1	1
IV2019100111311608	HT31xx_LSVI_StilstaandeWateren	AN_BLA_003_3130a_19	AN_BLA_003	2019-09-18	51.33365524	4.81384009	3	matig	1	1
IV2019100111354307	HT31xx_LSVI_StilstaandeWateren	AN_BLA_003_3130n_19	AN_BLA_003	2019-09-18	51.33365524	4.81384009	4	matig	1	1
IV2019100111453143	HT31xx_LSVI_StilstaandeWateren	LI_ACH_002_3130a_19	LI_ACH_002	2019-09-26	51.28021636	5.49166905	3	hoog	1	1
IV2019100111490964	HT31xx_LSVI_StilstaandeWateren	LI_ACH_002_3140GH_19	LI_ACH_002	2019-09-26	51.28021636	5.49166905	5	hoog	1	1
IV2019100112032024	HT31xx_LSVI_StilstaandeWateren	VB_VOR_004_3130a_19	VB_VOR_004	2019-09-25	50.97247041	4.78919663	3	hoog	1	1
IV2019100112075213	HT31xx_LSVI_StilstaandeWateren	VB_VOR_004_3150_19	VB_VOR_004	2019-09-25	50.97247041	4.78919663	6	hoog	1	1
IV2019100112164262	HT31xx_LSVI_StilstaandeWateren	AN_DVH_002_3130a_19	AN_DVH_002	2019-09-16	51.32657902	4.7201848	3	matig	1	1
IV2019100112171755	HT31xx_LSVI_StilstaandeWateren	AN_DVH_002_3130n_19	AN_DVH_002	2019-09-16	51.32657902	4.7201848	4	matig	1	1
IV2019100406581958	HT31xx_LSVI_StilstaandeWateren	AN_HUF_001_3130n_19	AN_HUF_001	2019-09-18	51.33337114	4.8686927	4	hoog	1	1
IV2019100407044021	HT31xx_LSVI_StilstaandeWateren	AN_FOR_001_3130a_19	AN_FOR_001	2019-09-27	51.3300856	4.49448479	3	hoog	1	1
IV2019100407101015	HT31xx_LSVI_StilstaandeWateren	LI_KES_001_3150_19	LI_KES_001	2019-09-20	51.14668438	5.84022101	6	hoog	1	1
IV2019100407203298	HT31xx_LSVI_StilstaandeWateren	LI_ASP_001_3130a_19	LI_ASP_001	2019-10-02	50.93545297	5.66155706	3	hoog	1	1
IV2019100407263017	HT31xx_LSVI_StilstaandeWateren	LI_ASP_001_3130n_19	LI_ASP_001	2019-10-02	50.93545297	5.66155706	4	hoog	1	1
IV2019100407370381	HT31xx_LSVI_StilstaandeWateren	LI_KBR_004_3130n_19	LI_KBR_004	2019-10-03	51.17931184	5.66730261	4	hoog	1	1
IV2019102908040675	HT31xx_LSVI_StilstaandeWateren	OV_DON_001_3140_19	OV_DON_001	2019-09-23	51.03403041	3.97349905	5	hoog	1	1
IV2019102908381915	HT31xx_LSVI_StilstaandeWateren	AN_RIN_001_3130a_19	AN_RIN_001	2019-10-21	51.28158273	4.58089737	3	hoog	1	1
IV2019102909140237	HT31xx_LSVI_StilstaandeWateren	AN_BLA_002_3130a_19	AN_BLA_002	2019-10-08	51.33417793	4.81334018	3	hoog	1	1
IV2019102909351981	HT31xx_LSVI_StilstaandeWateren	AN_BLA_002_3130n_19	AN_BLA_002	2019-10-08	51.33417793	4.81334018	4	hoog	1	1
IV2019102914171224	HT31xx_LSVI_StilstaandeWateren	AN_MEC_001_3140_19	AN_MEC_001	2019-08-13	51.02250694	4.51529022	5	hoog	1	1
IV2019102914251364	HT31xx_LSVI_StilstaandeWateren	AN_MEC_001_3130n_19	AN_MEC_001	2019-08-13	51.02250694	4.51529022	4	hoog	1	1
IV2019102914385814	HT31xx_LSVI_StilstaandeWateren	LI_MAT_010_3130a_19	LI_MAT_010	2019-09-13	50.9528236	5.44366728	3	hoog	1	1
IV2019102914495301	HT31xx_LSVI_StilstaandeWateren	LI_MAT_010_3130n_19	LI_MAT_010	2019-09-13	50.9528236	5.44366728	4	hoog	1	1
IV2019102915313847	HT31xx_LSVI_StilstaandeWateren	LI_GDL_001_3150_19	LI_GDL_001	2019-09-10	50.9793228	5.24679954	6	hoog	1	1
IV2019102915495051	HT31xx_LSVI_StilstaandeWateren	LI_MAT_005_3150_19	LI_MAT_005	2019-09-04	50.94620481	5.4432971	6	hoog	1	1
IV2019102915560298	HT31xx_LSVI_StilstaandeWateren	LI_MAT_008_gh_19	LI_MAT_008	2019-09-04	50.94642171	5.44324937	1	hoog	0	1
IV2019102916003956	HT31xx_LSVI_StilstaandeWateren	VB_TOR_001_3140_19	VB_TOR_001	2019-09-09	50.92956495	4.55108163	5	hoog	1	1
IV2019102916032344	HT31xx_LSVI_StilstaandeWateren	VB_VDB_002_3150_19	VB_VDB_002	2019-09-05	51.03846948	5.11711807	6	hoog	1	1
IV2019102916072782	HT31xx_LSVI_StilstaandeWateren	LI_HAL_002_3150_19	LI_HAL_002	2019-09-05	50.98436786	5.10499239	6	hoog	1	1
IV2019102916124425	HT31xx_LSVI_StilstaandeWateren	AN_NEE_001_3130a_19	AN_NEE_001	2019-07-23	51.18355557	4.93706711	3	hoog	1	1
IV2019103117435471	HT31xx_LSVI_StilstaandeWateren	AN_TIK_004_3130a_19	AN_TIK_004	2019-07-23	51.27840522	4.99693664	3	hoog	0	1
IV2019103117514907	HT31xx_LSVI_StilstaandeWateren	AN_TIK_003_3130n_19	AN_TIK_003	2019-07-23	51.27761067	4.99890107	4	hoog	1	1
IV2019103117565176	HT31xx_LSVI_StilstaandeWateren	AN_DUI_001_3150_15	AN_DUI_001	2015-10-08	51.26699612	4.93582502	6	laag	1	1
IV2019103118004579	HT31xx_LSVI_StilstaandeWateren	AN_BAV_001_3150_19	AN_BAV_001	2019-07-04	51.16261577	5.20541812	6	hoog	1	1
IV2019103119232102	HT31xx_LSVI_StilstaandeWateren	AN_BAV_002_3150_19	AN_BAV_002	2019-07-04	51.163093	5.20105277	6	hoog	1	1
IV2019103119284977	HT31xx_LSVI_StilstaandeWateren	AN_ELS_001_3130a_19	AN_ELS_001	2019-07-03	51.48918479	4.80485518	3	hoog	1	1
IV2019103119325130	HT31xx_LSVI_StilstaandeWateren	AN_ELS_002_3130a_19	AN_ELS_002	2019-07-03	51.49531675	4.81059453	3	hoog	1	1
IV2019103119372507	HT31xx_LSVI_StilstaandeWateren	AN_GSV_007_3160_19	AN_GSV_007	2019-06-21	51.35867611	4.59446241	7	hoog	1	1
IV2019103119474811	HT31xx_LSVI_StilstaandeWateren	AN_KDN_005_3130a_19	AN_KDN_005	2019-06-20	51.2366023	4.79375157	3	hoog	1	1
IV2019103119511590	HT31xx_LSVI_StilstaandeWateren	AN_KDN_005_3140_19	AN_KDN_005	2019-06-20	51.2366023	4.79375157	5	hoog	1	1
IV2019103119582918	HT31xx_LSVI_StilstaandeWateren	AN_KSV_006_3130a_19	AN_KSV_006	2019-05-21	51.3380894	4.4950282	3	hoog	1	1
IV2019110508094879	HT31xx_LSVI_StilstaandeWateren	AN_KVD_002_3130a_19	AN_KVD_002	2019-07-01	51.35990356	5.02279602	3	hoog	1	1
IV2019110508240678	HT31xx_LSVI_StilstaandeWateren	AN_LIL_002_3130a_19	AN_LIL_002	2019-06-19	51.26088611	4.80714073	3	hoog	1	1
IV2019110508292047	HT31xx_LSVI_StilstaandeWateren	AN_LIL_004_3130a_19	AN_LIL_004	2019-06-20	51.29285116	4.8121622	3	hoog	1	1
IV2019110508334755	HT31xx_LSVI_StilstaandeWateren	AN_LIL_004_3140_19	AN_LIL_004	2019-06-20	51.29285116	4.8121622	5	hoog	1	1
IV2019110508420118	HT31xx_LSVI_StilstaandeWateren	AN_NOL_003_3160_19	AN_NOL_003	2019-06-11	51.41770749	4.4313073	7	hoog	1	1
IV2019110508472188	HT31xx_LSVI_StilstaandeWateren	AN_OLB_003_3130a_19	AN_OLB_003	2019-05-29	51.18973438	4.87506011	3	hoog	0	1
IV2019110508522557	HT31xx_LSVI_StilstaandeWateren	AN_RAV_004_3130a_19	AN_RAV_004	2019-07-01	51.37324539	5.04683825	3	hoog	1	1
IV2019110509594859	HT31xx_LSVI_StilstaandeWateren	AN_RAV_004_3160_19	AN_RAV_004	2019-07-01	51.37324539	5.04683825	7	hoog	1	1
IV2019110510064438	HT31xx_LSVI_StilstaandeWateren	AN_TIE_006_3130a_19	AN_TIE_006	2019-05-29	51.2670217	4.91842653	3	hoog	1	1
IV2019110510125707	HT31xx_LSVI_StilstaandeWateren	AN_VVM_005_3130n_19	AN_VVM_005	2019-07-01	51.41613532	4.88475809	4	hoog	1	1
IV2019110510174735	HT31xx_LSVI_StilstaandeWateren	AN_VVM_006_3130a_19	AN_VVM_006	2019-05-24	51.41181704	4.83633796	3	hoog	1	1
IV2019110513274182	HT31xx_LSVI_StilstaandeWateren	LI_ASP_002_3130a_19	LI_ASP_002	2019-05-16	50.93337214	5.66039751	3	hoog	1	1
IV2019110513325514	HT31xx_LSVI_StilstaandeWateren	LI_HAL_003_3150_19	LI_HAL_003	2019-06-17	50.97768493	5.09054862	6	hoog	1	1
IV2019110513370240	HT31xx_LSVI_StilstaandeWateren	LI_MAA_002_3150_19	LI_MAA_002	2019-07-02	50.90135185	5.69358751	6	hoog	1	1
IV2019110513444368	HT31xx_LSVI_StilstaandeWateren	LI_MAA_003_3150_19	LI_MAA_003	2019-07-02	50.90341343	5.69449065	6	hoog	1	1
IV2019110513521363	HT31xx_LSVI_StilstaandeWateren	LI_MLV_022_3130n_19	LI_MLV_022	2019-06-14	50.9848185	5.3315716	4	hoog	1	1
IV2019110513593676	HT31xx_LSVI_StilstaandeWateren	LI_SAH_001_3130n_18	LI_SAH_001	2018-10-12	51.24984544	5.28852586	4	matig	1	1
IV2019110514072203	HT31xx_LSVI_StilstaandeWateren	LI_TEU_003_3110_19	LI_TEU_003	2019-06-28	51.00533384	5.43549238	2	hoog	1	1
IV2019110514235553	HT31xx_LSVI_StilstaandeWateren	LI_TEU_003_3160_19	LI_TEU_003	2019-06-28	51.00533384	5.43549238	7	hoog	1	1
IV2019110514294765	HT31xx_LSVI_StilstaandeWateren	LI_TEU_006_3130a_19	LI_TEU_006	2019-06-27	51.00348339	5.4332816	3	hoog	1	1
IV2019110514345308	HT31xx_LSVI_StilstaandeWateren	LI_TEU_006_3140_19	LI_TEU_006	2019-06-27	51.00348339	5.4332816	5	hoog	1	1
IV2019110514561774	HT31xx_LSVI_StilstaandeWateren	LI_TEU_007_3160_19	LI_TEU_007	2019-05-23	51.00404137	5.43259468	7	hoog	1	1
IV2019110515035863	HT31xx_LSVI_StilstaandeWateren	LI_VOB_002_3130a_19	LI_VOB_002	2019-06-24	50.9705405	5.66575857	3	hoog	1	1
IV2019110515092969	HT31xx_LSVI_StilstaandeWateren	LI_VOB_002_3160_19	LI_VOB_002	2019-06-24	50.9705405	5.66575857	7	hoog	1	1
IV2019110515122209	HT31xx_LSVI_StilstaandeWateren	LI_VZB_004_3160_19	LI_VZB_004	2019-06-25	51.09574782	5.3530963	7	hoog	1	1
IV2019110515255900	HT31xx_LSVI_StilstaandeWateren	LI_VZB_006_3160_19	LI_VZB_006	2019-06-12	51.08577514	5.33218981	7	hoog	1	1
IV2019110515295694	HT31xx_LSVI_StilstaandeWateren	OV_DON_002_3150_19	OV_DON_002	2019-05-28	51.04643149	3.97604874	6	hoog	1	1
IV2019111308021358	HT31xx_LSVI_StilstaandeWateren	VB_VIE_001_3150_19	VB_VIE_001	2019-07-05	51.01666643	4.9768798	6	hoog	1	1
IV2019111308060987	HT31xx_LSVI_StilstaandeWateren	VB_VIE_002_gh_19	VB_VIE_002	2019-07-08	51.0148117	4.97671031	1	hoog	0	1
IV2019111308091798	HT31xx_LSVI_StilstaandeWateren	VB_VIE_003_3150_19	VB_VIE_003	2019-07-05	51.01763238	4.97535919	6	hoog	1	1
IV2019111308155779	HT31xx_LSVI_StilstaandeWateren	VB_VIE_007_3150_19	VB_VIE_007	2019-07-05	51.01559754	4.97689624	6	hoog	1	1
IV2019111308214272	HT31xx_LSVI_StilstaandeWateren	VB_VIE_008_3150_19	VB_VIE_008	2019-07-08	51.0169851	4.97536211	6	hoog	1	1
IV2019111308261548	HT31xx_LSVI_StilstaandeWateren	AN_ZEG_001_3150_19	AN_ZEG_001	2019-07-22	51.19618065	4.94099342	6	hoog	1	1
IV2019111308423568	HT31xx_LSVI_StilstaandeWateren	AN_HGA_004_3130a_19	AN_HGA_004	2019-07-03	51.05578348	4.85690105	3	hoog	1	1
IV2019111308550924	HT31xx_LSVI_StilstaandeWateren	AN_HGA_005_3130a_19	AN_HGA_005	2019-07-03	51.06055328	4.85247606	3	hoog	1	1
IV2019111309075445	HT31xx_LSVI_StilstaandeWateren	WV_POB_001_3130a_19	WV_POB_001	2019-07-02	50.85291741	2.9896147	3	hoog	1	1
IV2019111413153709	HT31xx_LSVI_StilstaandeWateren	AN_TIE_005_3130n_19	AN_TIE_005	2019-09-03	51.26162751	4.92671606	4	hoog	1	1
IV2019111413193303	HT31xx_LSVI_StilstaandeWateren	AN_TIE_005_3150_19	AN_TIE_005	2019-09-03	51.26162751	4.92671606	6	hoog	0	1
IV2019111913514255	HT31xx_LSVI_StilstaandeWateren	AN_VVM_001_3160_16	AN_VVM_001	2016-09-20	51.41117486	4.82677066	7	hoog	0	1
IV2019111914245464	HT31xx_LSVI_StilstaandeWateren	LI_DKV_002_3140_18	LI_DKV_002	2018-05-24	50.77689031	5.48464794	5	hoog	1	1
IV2019112914463370	HT31xx_LSVI_StilstaandeWateren	AN_TIE_007_3130a_19	AN_TIE_007	2019-05-22	51.26589451	4.91536119	3	hoog	1	1
IV2019120515503067	HT31xx_LSVI_StilstaandeWateren	AN_TVG_005_3160_18	AN_TVG_005	2018-07-10	51.36494004	4.9361685	7	hoog	1	1
IV2020040813400970	HT31xx_LSVI_StilstaandeWateren	LI_MLV_013_3130a_19	LI_MLV_013	2019-08-06	50.96920612	5.34409412	3	hoog	0	1
IV2020050408242536	HT31xx_LSVI_StilstaandeWateren	VB_VOR_004_3140_19	VB_VOR_004	2019-09-25	50.97247041	4.78919663	5	hoog	1	1
IV2020092215333351	HT31xx_LSVI_StilstaandeWateren	AN_DIE_002_3130n_20	AN_DIE_002	2020-09-15	51.24175969	5.19648204	4	hoog	1	1
IV2020092215474759	HT31xx_LSVI_StilstaandeWateren	AN_DIE_002_3130a_20	AN_DIE_002	2020-09-15	51.24175969	5.19648204	3	hoog	1	1
IV2020092215565805	HT31xx_LSVI_StilstaandeWateren	AN_DIE_002_3140_20	AN_DIE_002	2020-09-15	51.24175969	5.19648204	5	hoog	1	1
IV2020092216074114	HT31xx_LSVI_StilstaandeWateren	AN_DIE_002_3150_20	AN_DIE_002	2020-09-15	51.24175969	5.19648204	6	hoog	1	1
IV2020092413475745	HT31xx_LSVI_StilstaandeWateren	AN_BLO_001_GH_20	AN_BLO_001	2020-09-14	51.24637802	4.76099539	1	hoog	0	1
IV2020092915332513	HT31xx_LSVI_StilstaandeWateren	LI_RDP_001_3130n_20	LI_RDP_001	2020-08-12	51.03122789	5.4257168	4	hoog	1	1
IV2020092915410663	HT31xx_LSVI_StilstaandeWateren	LI_RDP_001_3130a_20	LI_RDP_001	2020-08-12	51.03122789	5.4257168	3	hoog	1	1
IV2020100110560092	HT31xx_LSVI_StilstaandeWateren	LI_HEU_004_3160_20	LI_HEU_004	2020-08-14	51.01263184	5.65343086	7	hoog	1	1
IV2020100111051751	HT31xx_LSVI_StilstaandeWateren	WV_ZGV_001_3130a_20	WV_ZGV_001	2020-08-18	51.08502607	3.23032729	3	hoog	0	1
IV2020100111171473	HT31xx_LSVI_StilstaandeWateren	OV_MOL_002_3150_20	OV_MOL_002	2020-08-17	51.10360617	4.0211129	6	hoog	1	1
IV2020100111253662	HT31xx_LSVI_StilstaandeWateren	WV_BUL_002_3130a_20	WV_BUL_002	2020-08-18	51.11005334	3.30784657	3	hoog	0	1
IV2020100215212562	HT31xx_LSVI_StilstaandeWateren	LI_KBR_003_3130n_19	LI_KBR_003	2019-10-07	51.18214926	5.66070201	4	matig	1	1
IV2020100215294974	HT31xx_LSVI_StilstaandeWateren	LI_KBR_003_3130a_20	LI_KBR_003	2019-10-07	51.18214926	5.66070201	3	matig	1	1
IV2020100611283895	HT31xx_LSVI_StilstaandeWateren	LI_KBR_001_3130n_19	LI_KBR_001	2019-10-14	51.18028164	5.6603392	4	hoog	1	1
IV2020100611450996	HT31xx_LSVI_StilstaandeWateren	LI_LAN_005_3150_20	LI_LAN_005	2020-07-29	50.94275805	5.41727603	6	hoog	1	1
IV2020100710090942	HT31xx_LSVI_StilstaandeWateren	LI_THD_004_3130a_20	LI_THD_004	2020-08-04	51.02388918	5.42609969	3	hoog	1	1
IV2020100710152417	HT31xx_LSVI_StilstaandeWateren	LI_OPH_004_3160_20	LI_OPH_004	2020-09-02	51.05535044	5.5471057	7	hoog	1	1
IV2020101917263372	HT31xx_LSVI_StilstaandeWateren	AN_MOL_004_3130a_20	AN_MOL_004	2020-10-16	51.22942772	5.17569055	3	hoog	1	1
IV2020101917311734	HT31xx_LSVI_StilstaandeWateren	AN_MOL_004_3140_20	AN_MOL_004	2020-10-16	51.22942772	5.17569055	5	hoog	1	1
IV2020102007454335	HT31xx_LSVI_StilstaandeWateren	AN_PUL_003_3130n_20	AN_PUL_003	2020-08-26	51.22231373	4.71896209	4	hoog	1	1
IV2020102007502215	HT31xx_LSVI_StilstaandeWateren	AN_PUL_003_3150_20	AN_PUL_003	2020-08-26	51.22231373	4.71896209	6	hoog	1	1
IV2020102007565094	HT31xx_LSVI_StilstaandeWateren	AN_PUL_002_3150_20	AN_PUL_002	2020-08-25	51.22187006	4.71791428	6	hoog	1	1
IV2021012015494957	HT31xx_LSVI_StilstaandeWateren	WV_BLA_001_3150_20	WV_BLA_001	2020-07-27	500	500	6	hoog	1	1
IV2021012108263313	HT31xx_LSVI_StilstaandeWateren	ANTANT0315_3140_20	ANTANT0315	2020-04-24	500	500	5	hoog	1	1
IV2021012108361395	HT31xx_LSVI_StilstaandeWateren	ANTANT0319_3140_20	ANTANT0319	2020-04-24	500	500	5	hoog	1	1
IV2021012109195068	HT31xx_LSVI_StilstaandeWateren	ANTBRM0350_3140_20	ANTBRM0350	2020-05-12	500	500	5	hoog	1	1
IV2021012109232895	HT31xx_LSVI_StilstaandeWateren	OVLBVN0053_3140_20	OVLBVN0053	2020-05-08	500	500	5	hoog	1	1
IV2021012109315303	HT31xx_LSVI_StilstaandeWateren	OVLBVN0180_3140_20	OVLBVN0180	2020-05-08	500	500	5	hoog	1	1
IV2021012109360592	HT31xx_LSVI_StilstaandeWateren	OVLBVN0184_3140_20	OVLBVN0184	2020-05-08	500	500	5	hoog	1	1
IV2021012109393203	HT31xx_LSVI_StilstaandeWateren	OVLBVN0197_3140_20	OVLBVN0197	2020-05-08	500	500	5	hoog	1	1
IV2021012109435359	HT31xx_LSVI_StilstaandeWateren	OVLBVN0213_3140_20	OVLBVN0213	2020-05-08	500	500	5	hoog	1	1
IV2021012109480309	HT31xx_LSVI_StilstaandeWateren	OVLBVN0217_3140_20	OVLBVN0217	2020-05-08	500	500	5	hoog	1	1
IV2021012109560765	HT31xx_LSVI_StilstaandeWateren	OVLBVN0228_3140_20	OVLBVN0228	2020-05-08	500	500	5	hoog	1	1
IV2021012110001562	HT31xx_LSVI_StilstaandeWateren	OVLBVN0301_3140_20	OVLBVN0301	2020-05-13	500	500	5	hoog	1	1
IV2021012110042409	HT31xx_LSVI_StilstaandeWateren	OVLBVN0302_3140_20	OVLBVN0302	2020-05-13	500	500	5	matig	1	1
IV2021012110124411	HT31xx_LSVI_StilstaandeWateren	OVLBVN0304_3140_20	OVLBVN0304	2020-05-07	500	500	5	hoog	1	1
IV2021012110182559	HT31xx_LSVI_StilstaandeWateren	OVLBVN0305_3140_20	OVLBVN0305	2020-05-13	500	500	5	matig	1	1
IV2021012110252804	HT31xx_LSVI_StilstaandeWateren	OVLBVN0468_3140_20	OVLBVN0468	2020-05-07	500	500	5	hoog	1	1
IV2021012110314355	HT31xx_LSVI_StilstaandeWateren	OVLBVN0469_3140_20	OVLBVN0469	2020-05-04	500	500	5	hoog	1	1
IV2021012110344274	HT31xx_LSVI_StilstaandeWateren	OVLBVN0470_3140_20	OVLBVN0470	2020-06-07	500	500	5	hoog	1	1
IV2021012110391842	HT31xx_LSVI_StilstaandeWateren	OVLBVN0471_3140_20	OVLBVN0471	2020-05-07	500	500	5	hoog	1	1
IV2021012110431747	HT31xx_LSVI_StilstaandeWateren	OVLSTL0322_3140_20	OVLSTL0322	2020-05-22	500	500	5	hoog	1	1
IV2021012110522889	HT31xx_LSVI_StilstaandeWateren	OV_TOLYPELLA_001_20	OV_TOLYPELLA_001	2020-04-27	500	500	5	hoog	1	1
IV2021012110562812	HT31xx_LSVI_StilstaandeWateren	OV_TOLYPELLA_002_20	OV_TOLYPELLA_002	2020-05-07	500	500	5	hoog	1	1
IV2021012111133577	HT31xx_LSVI_StilstaandeWateren	OV_TOLYPELLA_003_20	OV_TOLYPELLA_003	2020-04-27	500	500	5	hoog	1	1
IV2021012111164782	HT31xx_LSVI_StilstaandeWateren	OV_TOLYPELLA_004_20	OV_TOLYPELLA_004	2020-05-08	500	500	5	hoog	1	1
IV2021012111201466	HT31xx_LSVI_StilstaandeWateren	WVLKNO0102_3140_20	WVLKNO0102	2020-05-12	500	500	5	hoog	1	1
IV2021012509411883	HT31xx_LSVI_StilstaandeWateren	WV_BLA_002_3150_20	WV_BLA_002	2020-07-27	500	500	6	hoog	1	1
IV2021012609022545	HT31xx_LSVI_StilstaandeWateren	WVLKNO0106_3140_20	WVLKNO0106	2020-05-12	500	500	5	hoog	1	1
IV2021012609062577	HT31xx_LSVI_StilstaandeWateren	WVLKNO0352_3140_20	WVLKNO0352	2020-05-12	500	500	5	hoog	1	1
IV2021012709473267	HT31xx_LSVI_StilstaandeWateren	OV_TUM_001_3150_17	OV_TUM_001	2017-06-18	500	500	6	hoog	1	1
IV2021012910232660	HT31xx_LSVI_StilstaandeWateren	VB_LAB_001_2016	VB_LAB_001	2016-05-22	500	500	5	hoog	1	1
IV2021012910413902	HT31xx_LSVI_StilstaandeWateren	LI_ZPB_001_3160_20	LI_ZPB_001	2020-06-03	500	500	7	hoog	1	1
IV2021020111343108	HT31xx_LSVI_StilstaandeWateren	WV_DAM_001_3150_20	WV_DAM_001	2020-08-24	500	500	6	hoog	1	1
IV2021031216023741	HT31xx_LSVI_StilstaandeWateren	LI_LBV_001_3130a_20	LI_LBV_001	2020-09-07	500	500	3	hoog	1	1
IV2021031216272618	HT31xx_LSVI_StilstaandeWateren	LI_LBV_001_3130na_20	LI_LBV_001	2020-09-07	500	500	4	hoog	1	1
IV2021032912422026	HT31xx_LSVI_StilstaandeWateren	LI_LBV_004_3015_20	LI_LBV_004	2020-08-31	500	500	6	hoog	1	1
IV2021040616143271	HT31xx_LSVI_StilstaandeWateren	AN_WKV_001_3140_2020	AN_WKV_001	2020-09-16	500	500	5	hoog	1	1
IV2021051715363885	HT31xx_LSVI_StilstaandeWateren	AN_PUL_001_3150_20	AN_PUL_001	2020-08-25	500	500	6	hoog	1	1
IV2021051715543392	HT31xx_LSVI_StilstaandeWateren	AN_PUL_001_3130n_20	AN_PUL_001	2020-08-25	500	500	4	hoog	1	1
IV2021051810591425	HT31xx_LSVI_StilstaandeWateren	VB_VIE_004_3150_15	VB_VIE_004	2015-08-21	500	500	6	hoog	1	1
IV2021102610593198	HT31xx_LSVI_StilstaandeWateren	AN_SNE_001_3160_15	AN_SNE_001	2015-06-24	500	500	7	matig	1	1
IV2021102611020783	HT31xx_LSVI_StilstaandeWateren	AN_SNE_001_3130a_19	AN_SNE_001	2019-07-10	500	500	3	hoog	0	1
IV2021102611131279	HT31xx_LSVI_StilstaandeWateren	AN_RPT_001_3130a_14	AN_RPT_001	2014-10-14	500	500	3	hoog	1	1
IV2021102611231547	HT31xx_LSVI_StilstaandeWateren	AN_TIE_004_3150_15	AN_TIE_004	2015-10-08	500	500	6	hoog	1	1
IV2021102611333955	HT31xx_LSVI_StilstaandeWateren	AN_TIE_003_3160_16	AN_TIE_003	2016-10-05	500	500	7	matig	1	1
IV2021102611424540	HT31xx_LSVI_StilstaandeWateren	AN_TIE_3130a_16	AN_TIE_003	2016-10-05	500	500	3	matig	1	1
IV2021102612232857	HT31xx_LSVI_StilstaandeWateren	WV_VLO_002_3130a_14	WV_VLO_002	2014-10-13	500	500	3	matig	1	1
IV2021102612312292	HT31xx_LSVI_StilstaandeWateren	LI_WIK_006_3130a_16	LI_WIK_006	2016-07-19	500	500	3	matig	1	1
IV2021102612463047	HT31xx_LSVI_StilstaandeWateren	LI_WIK_003_3130n_16	LI_WIK_003	2016-07-22	500	500	4	matig	1	1
IV2021102612523570	HT31xx_LSVI_StilstaandeWateren	LI_WIK_003_3015_16	LI_WIK_003	2016-07-22	500	500	6	matig	1	1
IV2021102612572538	HT31xx_LSVI_StilstaandeWateren	LI_WIK_003_3130a_16	LI_WIK_003	2016-07-22	500	500	3	matig	1	1
IV2021102614135135	HT31xx_LSVI_StilstaandeWateren	LI_KEL_001_3130a_16	LI_KEL_001	2016-06-30	500	500	3	matig	1	1
IV2021102614201906	HT31xx_LSVI_StilstaandeWateren	LI_KEL_001_3160_16	LI_KEL_001	2016-06-30	500	500	7	matig	1	1
IV2021102614264540	HT31xx_LSVI_StilstaandeWateren	AN_TVG_001_3130a_15	AN_TVG_001	2015-05-29	500	500	3	matig	1	1
IV2021102614322566	HT31xx_LSVI_StilstaandeWateren	AN_TVG_001_3160_15	AN_TVG_001	2015-05-29	500	500	7	matig	1	1
IV2021102615281063	HT31xx_LSVI_StilstaandeWateren	AN_LAN_009_3130a_15	AN_LAN_009	2015-09-08	500	500	3	matig	0	1
IV2021102615381703	HT31xx_LSVI_StilstaandeWateren	AN_LAN_009_3140_15	AN_LAN_009	2015-09-08	500	500	5	matig	0	1
IV2021102616120779	HT31xx_LSVI_StilstaandeWateren	WV_MDH_001_3130a_21	WV_MDH_001	2021-08-02	500	500	3	hoog	1	1
IV2021102616213333	HT31xx_LSVI_StilstaandeWateren	WV_MDH_003_3130a_21	WV_MDH_003	2021-08-02	500	500	3	hoog	1	1
IV2021102616292567	HT31xx_LSVI_StilstaandeWateren	LI_VBR_001_3150_21	LI_VBR_001	2021-08-25	500	500	6	hoog	1	1
IV2021102616365243	HT31xx_LSVI_StilstaandeWateren	AN_BEE_004_3130a_21	AN_BEE_004	2021-10-08	500	500	3	hoog	1	1
IV2021102616452377	HT31xx_LSVI_StilstaandeWateren	AN_BEE_002_3130a_21	AN_BEE_002	2021-10-08	500	500	3	hoog	1	1
IV2021102616510246	HT31xx_LSVI_StilstaandeWateren	AN_BEE_005_3130n_21	AN_BEE_005	2021-10-08	500	500	4	hoog	1	1
IV2021102616572165	HT31xx_LSVI_StilstaandeWateren	AN_BEE_005_3130a_21	AN_BEE_005	2021-10-08	500	500	3	hoog	1	1
IV2021102811575679	HT31xx_LSVI_StilstaandeWateren	LI_HEU_001_3130n_21	LI_HEU_001	2021-06-30	500	500	4	hoog	1	1
IV2021102812130840	HT31xx_LSVI_StilstaandeWateren	LI_HEU_001_3130a_21	LI_HEU_001	2021-06-30	500	500	3	hoog	1	1
IV2021102812230455	HT31xx_LSVI_StilstaandeWateren	LI_HEU_001_3110_21	LI_HEU_001	2021-06-30	500	500	2	hoog	1	1
IV2021102921453951	HT31xx_LSVI_StilstaandeWateren	LI_GRD_001_3130a_14	LI_GRD_001	2014-08-10	500	500	3	hoog	1	1
IV2021102922080890	HT31xx_LSVI_StilstaandeWateren	LI_GRD_001_3150_14	LI_GRD_001	2014-08-10	500	500	6	hoog	1	1
IV2021103012044059	HT31xx_LSVI_StilstaandeWateren	LI_HEU_001_3130a_15	LI_HEU_001	2015-06-25	500	500	3	hoog	1	1
IV2021103012361554	HT31xx_LSVI_StilstaandeWateren	LI_HEU_001_3110_15	LI_HEU_001	2015-06-25	500	500	2	hoog	1	1
IV2021103012423456	HT31xx_LSVI_StilstaandeWateren	LI_HEU_001_3160_15	LI_HEU_001	2015-06-25	500	500	7	hoog	1	1
IV2021110111053005	HT31xx_LSVI_StilstaandeWateren	LI_MLV_004_3130a_14	LI_MLV_004	2014-06-22	500	500	3	hoog	1	1
IV2021110111420298	HT31xx_LSVI_StilstaandeWateren	LI_MLV_003_3130a_14	LI_MLV_003	2014-06-22	500	500	3	hoog	1	1
IV2021110112004579	HT31xx_LSVI_StilstaandeWateren	LI_MLV_003_3130n_14	LI_MLV_003	2014-06-22	500	500	4	hoog	1	1
IV2021110113293506	HT31xx_LSVI_StilstaandeWateren	VB_VIE_004_3130a_15	VB_VIE_004	2015-08-21	500	500	3	hoog	1	1
IV2021110114014007	HT31xx_LSVI_StilstaandeWateren	LI_MLV_006_3130n_14	LI_MLV_006	2014-09-15	500	500	4	hoog	1	1
IV2021110115180432	HT31xx_LSVI_StilstaandeWateren	LI_TEU_002_3130a_14	LI_TEU_002	2014-08-27	500	500	3	hoog	1	1
IV2021110115274417	HT31xx_LSVI_StilstaandeWateren	LI_TEU_002_3160_14	LI_TEU_002	2014-08-27	500	500	7	hoog	1	1
IV2021110115572301	HT31xx_LSVI_StilstaandeWateren	LI_VZB_003_3130a_14	LI_VZB_003	2014-08-20	500	500	3	hoog	0	1
IV2021110116483324	HT31xx_LSVI_StilstaandeWateren	LI_MLV_015_3130a_14	LI_MLV_015	2014-08-04	500	500	3	matig	1	1
IV2021110117063289	HT31xx_LSVI_StilstaandeWateren	LI_MLV_015_3130n_14	LI_MLV_015	2014-08-04	500	500	4	matig	1	1
IV2021110117385166	HT31xx_LSVI_StilstaandeWateren	AN_LAN_006_3130a_14	AN_LAN_006	2014-09-05	500	500	3	hoog	1	1
IV2021110118102324	HT31xx_LSVI_StilstaandeWateren	VB_VIE_002_3150_14	VB_VIE_002	2014-06-30	500	500	6	hoog	1	1
IV2021110118202844	HT31xx_LSVI_StilstaandeWateren	VB_VIE_002_3130a_14	VB_VIE_002	2014-06-30	500	500	3	hoog	1	1
IV2021110118435628	HT31xx_LSVI_StilstaandeWateren	VB_VIE_001_3150_14	VB_VIE_001	2014-06-30	500	500	6	hoog	1	1
IV2021110118484771	HT31xx_LSVI_StilstaandeWateren	VB_VIE_001_3130a_14	VB_VIE_001	2014-06-30	500	500	3	hoog	1	1
IV2021110214580344	HT31xx_LSVI_StilstaandeWateren	OV_KRA_002_3130n_18	OV_KRA_002	2018-09-06	500	500	4	hoog	1	1
IV2021110215074297	HT31xx_LSVI_StilstaandeWateren	OV_KRA_002_3130a_18	OV_KRA_002	2018-09-06	500	500	3	hoog	1	1
IV2022012514273283	HT31xx_LSVI_StilstaandeWateren	OVLBVN0215_GH_21	OVLBVN0215	2021-06-25	500	500	1	matig	0	1
IV2022012514291966	HT31xx_LSVI_StilstaandeWateren	OVLBVN0235_3140_21	OVLBVN0235	2021-06-25	500	500	5	hoog	1	1
IV2022012514502036	HT31xx_LSVI_StilstaandeWateren	OVLBVN0202_3140_21	OVLBVN0202	2021-06-16	500	500	5	hoog	1	1
IV2022012515193464	HT31xx_LSVI_StilstaandeWateren	OVLBVN0430_3140_21	OVLBVN0430	2021-06-21	500	500	5	matig	1	1
IV2022012515390379	HT31xx_LSVI_StilstaandeWateren	OVLBVN0680_3140_21	OVLBVN0680	2021-06-29	500	500	5	matig	1	1
IV2022012515544403	HT31xx_LSVI_StilstaandeWateren	OVLBVN0261_GH_21	OVLBVN0261	2021-06-29	500	500	1	hoog	0	1
IV2022012516024380	HT31xx_LSVI_StilstaandeWateren	OVLBVN0441_GH_21	OVLBVN0441	2021-06-29	500	500	1	hoog	0	1
IV2022012516145563	HT31xx_LSVI_StilstaandeWateren	OVLBVN0681_GH_21	OVLBVN0681	2021-06-29	500	500	1	matig	0	1
IV2022012516275012	HT31xx_LSVI_StilstaandeWateren	OVLBVN0445_GH_21	OVLBVN0445	2021-06-28	500	500	1	hoog	0	1
IV2022012516291733	HT31xx_LSVI_StilstaandeWateren	OVLBVN0446_GH_21	OVLBVN0446	2021-06-28	500	500	1	hoog	0	1
IV2022012516452155	HT31xx_LSVI_StilstaandeWateren	OVLBVN0002_GH_21	OVLBVN0002	2021-06-28	500	500	1	matig	0	1
IV2022012516494181	HT31xx_LSVI_StilstaandeWateren	OVLBVN0679_3140_21	OVLBVN0679	2021-06-28	500	500	5	hoog	1	1
IV2022062815495429	HT31xx_LSVI_StilstaandeWateren	LI_HEU_001_3130a_22	LI_HEU_001	2022-06-27	500	500	3	hoog	1	1
IV2022062815495513	HT31xx_LSVI_StilstaandeWateren	ANTOTH0395_gh_22	ANTOTH0395	2022-05-30	51.2833208	4.9995335	1	matig	0	1
IV2023011815411225	HT31xx_LSVI_StilstaandeWateren	ANTTUR0305_3130a_22	ANTTUR0305	2022-09-02	500	500	3	hoog	1	1
IV2023011816353523	HT31xx_LSVI_StilstaandeWateren	ANTMRK0177_3130a_22	ANTMRK0177	2022-09-05	500	500	3	hoog	1	1
IV2023011817014307	HT31xx_LSVI_StilstaandeWateren	ANTMRK0177_3130n_22	ANTMRK0177	2022-09-05	500	500	4	hoog	1	1
IV2023013116521794	HT31xx_LSVI_StilstaandeWateren	ANTRAV0230_3130n_22	ANTRAV0230	2022-08-31	500	500	4	hoog	1	1
IV2023013118230580	HT31xx_LSVI_StilstaandeWateren	ANTRAV0230_3130a_22	ANTRAV0230	2022-08-31	500	500	3	hoog	1	1
IV2023013118354057	HT31xx_LSVI_StilstaandeWateren	ANTTUR0079_3130a_22	ANTTUR0079	2022-09-06	500	500	3	hoog	1	1
IV2023013118450570	HT31xx_LSVI_StilstaandeWateren	ANTTUR0287_3130a_22	ANTTUR0287	2022-09-05	500	500	3	hoog	1	1
IV2023013119020620	HT31xx_LSVI_StilstaandeWateren	ANTTUR0287_3130n_22	ANTTUR0287	2022-09-05	500	500	4	hoog	1	1
IV2023021916583657	HT31xx_LSVI_StilstaandeWateren	ANTTUR0296_3130a_22	ANTTUR0296	2022-09-15	500	500	3	hoog	1	1
IV2023021917120566	HT31xx_LSVI_StilstaandeWateren	ANTTUR0296_3130n_22	ANTTUR0296	2022-09-15	500	500	4	hoog	1	1
IV2023021917223249	HT31xx_LSVI_StilstaandeWateren	ANTTUR0296_3110_22	ANTTUR0296	2022-09-15	500	500	2	hoog	1	1
IV2023021918121597	HT31xx_LSVI_StilstaandeWateren	ANTTUR0018_3130a_22	ANTTUR0018	2022-09-23	500	500	3	hoog	1	1
IV2023021918271743	HT31xx_LSVI_StilstaandeWateren	ANTTUR0018_3160_22	ANTTUR0018	2022-09-23	500	500	7	hoog	1	1
IV2023022012171902	HT31xx_LSVI_StilstaandeWateren	ANTTUR0304_3130a_22	ANTTUR0304	2022-10-11	500	500	3	hoog	1	1
IV2023022012290846	HT31xx_LSVI_StilstaandeWateren	ANTTUR0304_3130n_22	ANTTUR0304	2022-10-11	500	500	4	hoog	1	1
IV2023022014013448	HT31xx_LSVI_StilstaandeWateren	ANTTUR0301_3130a_22	ANTTUR0301	2022-10-10	500	500	3	hoog	1	1
IV2023022014152316	HT31xx_LSVI_StilstaandeWateren	ANTTUR0301_3130n_22	ANTTUR0301	2022-10-10	500	500	4	hoog	1	1
IV2023022014281696	HT31xx_LSVI_StilstaandeWateren	ANTTUR0301_3160_22	ANTTUR0301	2022-10-10	500	500	7	hoog	1	1
IV2023022016350003	HT31xx_LSVI_StilstaandeWateren	ANTTUR0277_3130a_22	ANTTUR0277	2022-10-05	500	500	3	hoog	0	1
IV2023022016531973	HT31xx_LSVI_StilstaandeWateren	ANTTUR0277_3130n_22	ANTTUR0277	2022-10-05	500	500	4	hoog	1	1
IV2023022021291831	HT31xx_LSVI_StilstaandeWateren	ANTTUR0065_3130a_22	ANTTUR0065	2022-10-05	500	500	3	hoog	1	1
IV2023022021382910	HT31xx_LSVI_StilstaandeWateren	ANTTUR0065_3130n_22	ANTTUR0065	2022-10-05	500	500	4	hoog	1	1
IV2023022217015420	HT31xx_LSVI_StilstaandeWateren	ANTTUR0046_3130a_22	ANTTUR0046	2022-07-29	500	500	3	hoog	1	1
IV2023022217143446	HT31xx_LSVI_StilstaandeWateren	ANTTUR0046_3130n_22	ANTTUR0046	2022-07-29	500	500	4	hoog	1	1
IV2023080111442513	HT31xx_LSVI_StilstaandeWateren	ANTRAV0122_3130a_23	ANTRAV0122	2023-07-10	500	500	3	hoog	1	1
IV2023080113480207	HT31xx_LSVI_StilstaandeWateren	ANTTUR0302_3130n_23	ANTTUR0302	2023-07-19	500	500	4	hoog	1	1
IV2023080114033170	HT31xx_LSVI_StilstaandeWateren	ANTTUR0273_3130a_23	ANTTUR0273	2023-07-04	500	500	3	hoog	1	1
IV2023080114160589	HT31xx_LSVI_StilstaandeWateren	ANTTUR0270_3130a_23	ANTTUR0270	2023-07-03	500	500	3	hoog	1	1
IV2023080114302616	HT31xx_LSVI_StilstaandeWateren	ANTTUR0022_3130a_23	ANTTUR0022	2023-07-15	500	500	3	hoog	1	1
IV2023080114445290	HT31xx_LSVI_StilstaandeWateren	ANTTUR0022_3160_23	ANTTUR0022	2023-06-15	500	500	7	hoog	1	1
IV2023080115000115	HT31xx_LSVI_StilstaandeWateren	ANTTUR0302_3130a_23	ANTTUR0302	2023-07-19	500	500	3	hoog	1	1
IV2023080415543240	HT31xx_LSVI_StilstaandeWateren	ANTTUR0295_3130a_23	ANTTUR0295	2023-06-30	500	500	3	hoog	1	1
IV2023080416151193	HT31xx_LSVI_StilstaandeWateren	ANTTUR0300_3130a_23	ANTTUR0300	2023-07-19	500	500	3	hoog	1	1
IV2023080416161818	HT31xx_LSVI_StilstaandeWateren	ANTRAV0293_3130a_23	ANTRAV0293	2023-07-26	500	500	3	hoog	1	1
IV2023080416235938	HT31xx_LSVI_StilstaandeWateren	ANTRAV0208_3130a_23	ANTRAV0208	2023-07-26	500	500	3	hoog	1	1
IV2023080416335934	HT31xx_LSVI_StilstaandeWateren	ANTTUR0299_3130a_23	ANTTUR0299	2023-07-18	500	500	3	hoog	1	1
IV2023080416412548	HT31xx_LSVI_StilstaandeWateren	ANTTUR0282_3130a_23	ANTTUR0282	2023-06-16	500	500	3	hoog	1	1
IV2023080814421597	HT31xx_LSVI_StilstaandeWateren	ANTOTH0306_3130a_23	ANTOTH0306	2023-07-18	500	500	3	hoog	1	1
IV2023080814544190	HT31xx_LSVI_StilstaandeWateren	ANTTUR0082_3130a_23	ANTTUR0082	2023-07-19	500	500	3	hoog	1	1
IV2023080814565876	HT31xx_LSVI_StilstaandeWateren	ANTRAV0134_3130a_23	ANTRAV0134	2023-07-26	500	500	3	hoog	1	1
IV2023080815072017	HT31xx_LSVI_StilstaandeWateren	ANTTUR0291_3130a_23	ANTTUR0291	2023-06-12	500	500	3	hoog	0	1
IV2023080815183867	HT31xx_LSVI_StilstaandeWateren	ANTTUR0257_3130a_23	ANTTUR0257	2023-06-27	500	500	3	hoog	1	1
IV2023080815234865	HT31xx_LSVI_StilstaandeWateren	ANTTUR0292_3130a_23	ANTTUR0292	2023-06-12	500	500	3	hoog	1	1
IV2023081715093855	HT31xx_LSVI_StilstaandeWateren	ANTTUR0077_3130a_23	ANTTUR0077	2023-07-12	500	500	3	NA	1	1
IV2023081715554080	HT2190_a_LSVI_StilstaandeWateren	WV_ZEB_003_2190a_19	WV_ZEB_003	2019-09-01	500	500	9	hoog	0	1
IV2023081716035635	HT2190_a_LSVI_StilstaandeWateren	WV_SBE_004_2190a_19	WV_SBE_004	2019-07-01	500	500	9	hoog	1	1
IV2023081815264900	HT2190_a_LSVI_StilstaandeWateren	WV_SBE_001_2190a_19	WV_SBE_001	2019-07-01	500	500	9	hoog	1	1
IV2023081815325618	HT2190_a_LSVI_StilstaandeWateren	WV_ZWI_008_2190a_19	WV_ZWI_008	2019-06-27	500	500	9	hoog	1	1
IV2023081815360660	HT2190_a_LSVI_StilstaandeWateren	WV_ZWI_157_2190a_19	WV_ZWI_157	2019-06-27	500	500	9	hoog	1	1
IV2023081815391030	HT2190_a_LSVI_StilstaandeWateren	WV_WES_031_2190a_19	WV_WES_031	2019-06-28	500	500	9	hoog	0	1
IV2023081815420604	HT2190_a_LSVI_StilstaandeWateren	WV_WES_018_2190a_19	WV_WES_018	2019-06-28	500	500	9	hoog	1	1
IV2023081815465340	HT2190_a_LSVI_StilstaandeWateren	WV_ZWI_129_2190a_19	WV_ZWI_129	2019-06-27	500	500	9	hoog	1	1
IV2023081815500319	HT2190_a_LSVI_StilstaandeWateren	WV_WES_012_2190a_19	WV_WES_012	2019-06-11	500	500	9	hoog	1	1
IV2023081815530780	HT2190_a_LSVI_StilstaandeWateren	WV_WES_007_2190a_19	WV_WES_007	2019-06-11	500	500	9	hoog	1	1
IV2023081815562573	HT2190_a_LSVI_StilstaandeWateren	WV_WES_006_2190a_19	WV_WES_006	2019-06-11	500	500	9	hoog	1	1
IV2023081816283203	HT2190_a_LSVI_StilstaandeWateren	WV_WES_003_2190a_19	WV_WES_003	2019-06-11	500	500	9	hoog	1	1
IV2023081816320188	HT2190_a_LSVI_StilstaandeWateren	WV_TYD_009_2190a_19	WV_TYD_009	2019-06-06	500	500	9	hoog	1	1
IV2023081816341823	HT2190_a_LSVI_StilstaandeWateren	WV_ZWI_006_2190a_19	WV_ZWI_006	2019-06-14	500	500	9	hoog	1	0
IV2023081816380078	HT2190_a_LSVI_StilstaandeWateren	WV_NOD_013_2190a_19	WV_NOD_013	2019-06-06	500	500	9	hoog	0	1
IV2023081816401613	HT2190_a_LSVI_StilstaandeWateren	WV_NOD_016_2190a_19	WV_NOD_016	2019-06-06	500	500	9	hoog	1	1
IV2023082110402271	HT2190_a_LSVI_StilstaandeWateren	WV_BRE_010_2190a_19	WV_BRE_010	2019-06-20	500	500	9	hoog	1	1
IV2023082110410535	HT2190_a_LSVI_StilstaandeWateren	WV_BDH_002_2190a_19	WV_BDH_002	2019-06-20	500	500	9	hoog	1	1
IV2023082111064698	HT2190_a_LSVI_StilstaandeWateren	WV_BDH_006_2190a_19	WV_BDH_006	2019-06-20	500	500	9	hoog	1	1
IV2023082111100001	HT2190_a_LSVI_StilstaandeWateren	WV_ZWI_039_2190a_19	WV_ZWI_039	2019-07-04	500	500	9	hoog	1	1
IV2023082111154811	HT2190_a_LSVI_StilstaandeWateren	WV_ZWI_142_2190a_19	WV_ZWI_142	2019-07-04	500	500	9	hoog	1	1
IV2023082111165074	HT2190_a_LSVI_StilstaandeWateren	WV_ZWI_013_2190a_19	WV_ZWI_013	2019-07-04	500	500	9	hoog	1	1
IV2023082111240183	HT2190_a_LSVI_StilstaandeWateren	WV_ZWI_011_2190a_19	WV_ZWI_011	2019-06-06	500	500	9	hoog	1	1
IV2023082111263515	HT2190_a_LSVI_StilstaandeWateren	WV_ZWI_043_2190a_19	WV_ZWI_043	2019-06-06	500	500	9	hoog	1	1
IV2023082111281651	HT2190_a_LSVI_StilstaandeWateren	WV_ZWI_120_2190a_19	WV_ZWI_120	2019-06-06	500	500	9	hoog	1	1
IV2023082111315025	HT2190_a_LSVI_StilstaandeWateren	WV_ZWI_158_2190a_19	WV_ZWI_158	2019-05-17	500	500	9	hoog	1	1
IV2023082111351535	HT2190_a_LSVI_StilstaandeWateren	WV_ZWI_124_2190a_19	WV_ZWI_124	2019-05-17	500	500	9	hoog	1	1
IV2023082111375865	HT2190_a_LSVI_StilstaandeWateren	WV_ZWI_012_2190a_19	WV_ZWI_012	2019-05-17	500	500	9	hoog	1	1
IV2023082111404847	HT2190_a_LSVI_StilstaandeWateren	WV_ZWI_162_2190a_19	WV_ZWI_162	2019-05-17	500	500	9	hoog	1	1
IV2023082413413921	HT31xx_LSVI_StilstaandeWateren	ANTKAL0306_3130a_23	ANTKAL0306	2023-08-10	500	500	3	hoog	1	1
IV2023082413423805	HT31xx_LSVI_StilstaandeWateren	ANTKAL0289_3130a_23	ANTKAL0289	2023-08-10	500	500	3	hoog	1	1
IV2023083109032178	HT31xx_LSVI_StilstaandeWateren	ANTKAL0344_3130a_23	ANTKAL0344	2023-08-25	500	500	3	hoog	1	1
IV2023083109223750	HT31xx_LSVI_StilstaandeWateren	ANTKAL0344_3160_23	ANTKAL0344	2023-08-25	500	500	7	hoog	1	1
IV2023112914101130	HT31xx_LSVI_StilstaandeWateren	LIMHHE0002_3130a_23	LIMHHE0002	2023-09-28	500	500	3	hoog	1	1
IV2023112914403467	HT31xx_LSVI_StilstaandeWateren	LIMHHE0002_3160_23	LIMHHE0002	2023-09-28	500	500	7	hoog	1	1
IV2024011111212549	HT31xx_LSVI_StilstaandeWateren	VBRZOU0028_3150_23	VBRZOU0028	2023-08-09	500	500	6	matig	1	1
IV2024011214271339	HT31xx_LSVI_StilstaandeWateren	VBRZOU0212_3150_23	VBRZOU0212	2023-08-09	500	500	6	hoog	1	1
IV2024011615375072	HT31xx_LSVI_StilstaandeWateren	ANTRAV0211_3110_23	ANTRAV0211	2023-10-02	500	500	2	hoog	1	1
IV2024011616134474	HT31xx_LSVI_StilstaandeWateren	ANTRAV0211_3130a_23	ANTRAV0211	2023-10-02	500	500	3	hoog	1	1
IV2024011616290864	HT31xx_LSVI_StilstaandeWateren	ANTRAV0211_3130n_23	ANTRAV0211	2023-10-02	500	500	4	hoog	1	1
IV2024011617081713	HT31xx_LSVI_StilstaandeWateren	LI_HEU_001_3110_22	LI_HEU_001	2022-06-27	500	500	2	hoog	1	1
IV2024011710122457	HT31xx_LSVI_StilstaandeWateren	LI_HEU_001_3130n_22	LI_HEU_001	2022-06-27	500	500	4	hoog	1	1
IV2024011713062687	HT31xx_LSVI_StilstaandeWateren	ANTRAV0052_3130a_23	ANTRAV0052	2023-09-20	500	500	3	hoog	1	1
IV2024011716321225	HT31xx_LSVI_StilstaandeWateren	ANTRAV0052_3130n_23	ANTRAV0052	2023-09-20	500	500	4	hoog	1	1
IV2024050616074409	HT2190_a_LSVI_StilstaandeWateren	WV_CAB_031_2190a_18	WV_CAB_031	2018-07-19	500	500	9	hoog	0	1
IV2024050616130872	HT2190_a_LSVI_StilstaandeWateren	WV_CAB_023_2190a_18	WV_CAB_023	2018-07-20	500	500	9	hoog	1	1
IV2024050616240042	HT2190_a_LSVI_StilstaandeWateren	WV_CAB_010_2190a_18	WV_CAB_010	2018-08-03	500	500	9	hoog	1	1
IV2024050616295201	HT2190_a_LSVI_StilstaandeWateren	WV_BDH_008_2190a_20	WV_BDH_008	2020-06-29	500	500	9	hoog	1	1
IV2024050815575205	HT2190_a_LSVI_StilstaandeWateren	WVLKNO106_2190a_20	WVLKNO0106	2020-05-12	500	500	9	hoog	0	1
IV2024050816070592	HT2190_a_LSVI_StilstaandeWateren	WVLKNO0352_2190a_20	WVLKNO0352	2020-05-12	500	500	9	hoog	0	1
IV2024050816160732	HT2190_a_LSVI_StilstaandeWateren	WV_ZWI_149_2190a_20	WV_ZWI_149	2020-06-25	500	500	9	hoog	1	1
IV2024050816231992	HT2190_a_LSVI_StilstaandeWateren	WV_ZWI_133_2190a_18	WV_ZWI_133	2018-07-10	500	500	9	hoog	1	0
IV2024050817015004	HT2190_a_LSVI_StilstaandeWateren	WV_ZWI_060_2190a_20	WV_ZWI_060	2020-08-24	500	500	9	hoog	1	1
IV2024050817072878	HT2190_a_LSVI_StilstaandeWateren	WV_ZWI_045_2190a_19	WV_ZWI_045	2019-06-14	500	500	9	hoog	1	1
IV2024050817180034	HT2190_a_LSVI_StilstaandeWateren	WV_ZWI_040_2190a_20	WV_ZWI_040	2020-06-22	500	500	9	hoog	1	1
IV2024050817260020	HT2190_a_LSVI_StilstaandeWateren	WV_ZEB_007_2190a20	WV_ZEB_007	2020-07-16	500	500	9	hoog	0	1
IV2024050817361534	HT2190_a_LSVI_StilstaandeWateren	WV_ZEB_001_2190a_20	WV_ZEB_001	2020-09-01	500	500	9	hoog	1	1
IV2024050817434102	HT2190_a_LSVI_StilstaandeWateren	WV_WES_044_2190a_20	WV_WES_044	2020-07-02	500	500	9	hoog	0	1
IV2024050817505134	HT2190_a_LSVI_StilstaandeWateren	WV_WES_038_2190a_20	WV_WES_038	2020-07-02	500	500	9	hoog	1	1
IV2024051511070683	HT2190_a_LSVI_StilstaandeWateren	WV_WES_014_2190a_20	WV_WES_014	2020-07-02	500	500	9	hoog	0	1
IV2024051511160256	HT2190_a_LSVI_StilstaandeWateren	WV_WES_009_2190a_20	WV_WES_009	2020-07-02	500	500	9	hoog	0	1
IV2024051511300735	HT2190_a_LSVI_StilstaandeWateren	WV_WAD_004_2190a_18	WV_WAD_004	2018-07-06	500	500	9	hoog	1	1
IV2024051511362894	HT2190_a_LSVI_StilstaandeWateren	WV_WAD_002_2190a_18	WV_WAD_002	2018-07-06	500	500	9	hoog	1	1
IV2024051511460138	HT2190_a_LSVI_StilstaandeWateren	WV_TYD_007_2190a_18	WV_TYD_007	2018-08-31	500	500	9	hoog	1	1
IV2024051511514226	HT2190_a_LSVI_StilstaandeWateren	WV_NOD_010_2190a_18	WV_NOD_010	2018-07-18	500	500	9	hoog	0	1
IV2024051511574873	HT2190_a_LSVI_StilstaandeWateren	WV_MID_001_2190a_19	WV_MID_001	2019-08-17	500	500	9	hoog	0	1
IV2024051512040022	HT2190_a_LSVI_StilstaandeWateren	WV_LEP_007_2190a_17	WV_LEP_007	2017-07-29	500	500	9	hoog	1	1
IV2024051512100419	HT2190_a_LSVI_StilstaandeWateren	WV_LEP_003_2190a_18	WV_LEP_003	2018-08-31	500	500	9	hoog	1	1
IV2024051512152620	HT2190_a_LSVI_StilstaandeWateren	WV_IJZ_002_2190a_18	WV_IJZ_002	2018-09-11	500	500	9	hoog	1	1
IV2024051512200819	HT2190_a_LSVI_StilstaandeWateren	WV_HOS_001_2190a_18	WV_HOS_001	2018-07-19	500	500	9	hoog	1	1
IV2024051512260928	HT2190_a_LSVI_StilstaandeWateren	WV_DHE_020_2190a_20	WV_DHE_020	2020-06-29	500	500	9	hoog	0	1
IV2024051512302854	HT2190_a_LSVI_StilstaandeWateren	WV_DHE_005_2190a_20	WV_DHE_005	2020-06-29	500	500	9	hoog	0	1
IV2024051512574509	HT2190_a_LSVI_StilstaandeWateren	WV_ZEB_004_2190a_20	WV_ZEB_004	2020-07-22	500	500	9	hoog	0	0
IV2024093016260718	HT31xx_LSVI_StilstaandeWateren	ANTRAV0014_3130a_24	ANTRAV0014	2024-07-01	500	500	3	hoog	1	1
IV2024100111090608	HT31xx_LSVI_StilstaandeWateren	ANTKAL0330_3160_24	ANTKAL0330	2024-07-02	500	500	7	hoog	1	1
IV2024100111155960	HT31xx_LSVI_StilstaandeWateren	ANTKAL0330_3130a_24	ANTKAL0330	2024-07-02	500	500	3	hoog	1	1
IV2024100115290046	HT31xx_LSVI_StilstaandeWateren	ANTKAL0217_3160_24	ANTKAL0217	2024-07-02	500	500	7	hoog	0	1
IV2024100117462140	HT31xx_LSVI_StilstaandeWateren	ANTKAL0356_3160_24	ANTKAL0356	2024-07-02	500	500	7	hoog	1	1
IV2024100117541666	HT31xx_LSVI_StilstaandeWateren	ANTKAL0356_3130a_24	ANTKAL0356	2024-07-02	500	500	3	hoog	1	1
IV2024100916453628	HT31xx_LSVI_StilstaandeWateren	ANTKAL0478_3160_24	ANTKAL0478	2024-07-03	500	500	7	hoog	1	1
IV2024101008185882	HT31xx_LSVI_StilstaandeWateren	ANTBSE0132_gh_24	ANTBSE0132	2024-07-05	500	500	1	hoog	0	1
IV2024101008251601	HT31xx_LSVI_StilstaandeWateren	ANTLIL0230_3130a_24	ANTLIL0230	2024-07-05	500	500	3	hoog	1	1
IV2024101008314167	HT31xx_LSVI_StilstaandeWateren	LIMZNH0563_3130a_24	LIMZNH0563	2024-07-04	500	500	3	hoog	1	1
IV2024101008380195	HT31xx_LSVI_StilstaandeWateren	LIMZNH0563_3140_24	LIMZNH0563	2024-07-04	500	500	5	hoog	1	1
IV2024101009231913	HT31xx_LSVI_StilstaandeWateren	LIMZNH0379_3160_24	LIMZNH0379	2024-07-04	500	500	7	hoog	1	1
IV2024101009270487	HT31xx_LSVI_StilstaandeWateren	LIMZNH0379_3130a_24	LIMZNH0379	2024-07-04	500	500	3	hoog	1	1
IV2024101009301586	HT31xx_LSVI_StilstaandeWateren	LIMZNH0379_3110_24	LIMZNH0379	2024-07-04	500	500	2	hoog	1	1
IV2024101009350936	HT31xx_LSVI_StilstaandeWateren	LIMGNK0064_3150_24	LIMGNK0064	2024-07-04	500	500	6	hoog	1	1
IV2024101010441028	HT31xx_LSVI_StilstaandeWateren	ANTKAL0004_3160_24	ANTKAL0004	2024-07-08	500	500	7	hoog	1	1
IV2024101015582200	HT31xx_LSVI_StilstaandeWateren	ANTKAL0123_3160_24	ANTKAL0123	2024-07-08	500	500	7	hoog	1	1
IV2024101016063497	HT31xx_LSVI_StilstaandeWateren	LIMZNH0338_3110_24	LIMZNH0338	2024-07-10	500	500	2	hoog	1	1
IV2024101016162129	HT31xx_LSVI_StilstaandeWateren	LIMZNH0338_3110x_24	LIMZNH0338	2024-07-10	500	500	2	hoog	0	1
IV2024101016224661	HT31xx_LSVI_StilstaandeWateren	LIMZNH0338_3160_24	LIMZNH0338	2024-07-10	500	500	7	hoog	1	1
IV2024101107401086	HT31xx_LSVI_StilstaandeWateren	LIMZNH0619_3130a_24	LIMZNH0619	2024-07-10	500	500	3	hoog	1	1
IV2024101108064028	HT31xx_LSVI_StilstaandeWateren	ANTARE0069_gh_24	ANTARE0069	2024-07-12	500	500	1	hoog	0	1
IV2024101108161509	HT31xx_LSVI_StilstaandeWateren	LIMDST0108_3110_24	LIMDST0108	2024-07-15	500	500	2	hoog	1	1
IV2024101108222189	HT31xx_LSVI_StilstaandeWateren	LIMDST0108_3130n_24	LIMDST0108	2024-07-15	500	500	4	hoog	1	1
IV2024101108265001	HT31xx_LSVI_StilstaandeWateren	LIMDST0108_3130a_24	LIMDST0108	2024-07-15	500	500	3	hoog	1	1
IV2024101408050323	HT31xx_LSVI_StilstaandeWateren	ANTKAL0284_3160_24	ANTKAL0284	2024-07-17	500	500	7	hoog	1	1
IV2024101409542202	HT31xx_LSVI_StilstaandeWateren	ANTKAL0019_3160_24	ANTKAL0019	2024-07-17	500	500	7	hoog	1	1
IV2024101411070526	HT31xx_LSVI_StilstaandeWateren	ANTKAL0021_3160_24	ANTKAL0021	2024-07-18	500	500	7	hoog	1	1
IV2024101411311396	HT31xx_LSVI_StilstaandeWateren	ANTKAL0001_3160_24	ANTKAL0001	2024-07-18	500	500	7	hoog	1	1
IV2024101413031672	HT31xx_LSVI_StilstaandeWateren	LIMZNH0150_3130n_24	LIMZNH0150	2024-07-22	500	500	4	hoog	1	1
IV2024101413215183	HT31xx_LSVI_StilstaandeWateren	LIMZNH0150_3130a_24	LIMZNH0150	2024-07-22	500	500	3	hoog	1	1
IV2024101413430988	HT31xx_LSVI_StilstaandeWateren	ANTKAL0387_3160_24	ANTKAL0387	2024-07-25	500	500	7	hoog	1	1
IV2024101715543169	HT31xx_LSVI_StilstaandeWateren	ANTTUR0348_3130a_24	ANTTUR0348	2024-07-26	500	500	3	hoog	1	1
IV2024101807292581	HT31xx_LSVI_StilstaandeWateren	ANTKAL0288_3160_24	ANTKAL0288	2024-07-24	500	500	7	hoog	1	1
IV2024101809401953	HT31xx_LSVI_StilstaandeWateren	ANTKAL0383_3160_24	ANTKAL0383	2024-07-24	500	500	7	hoog	1	1
IV2024101810110298	HT31xx_LSVI_StilstaandeWateren	ANTMOL0089_3130a_24	ANTMOL0089	2024-08-16	500	500	3	hoog	1	1
IV2024101810330737	HT31xx_LSVI_StilstaandeWateren	LIMBRE0073_3130n_24	LIMBRE0073	2024-08-19	500	500	4	hoog	1	1
IV2024101810420614	HT31xx_LSVI_StilstaandeWateren	LIMBRE0073_3150_24	LIMBRE0073	2024-08-19	500	500	6	hoog	1	1
IV2024101810484847	HT31xx_LSVI_StilstaandeWateren	LIMMSK0444_3130a_24	LIMMSK0444	2024-08-19	500	500	3	hoog	1	1
IV2024101810573793	HT31xx_LSVI_StilstaandeWateren	ANTKAS0463_3160_24	ANTKAS0463	2024-08-20	500	500	7	hoog	1	1
IV2024101811014113	HT31xx_LSVI_StilstaandeWateren	ANTKAS0463_3130a_24	ANTKAS0463	2024-08-20	500	500	3	hoog	1	1
IV2024101812524683	HT31xx_LSVI_StilstaandeWateren	LIMHHE0286_3130n_24	LIMHHE0286	2024-08-22	500	500	4	hoog	1	1
IV2024101812580212	HT31xx_LSVI_StilstaandeWateren	LIMZNH0043_3130n_24	LIMZNH0043	2024-08-22	500	500	4	hoog	1	1
IV2024101813485494	HT31xx_LSVI_StilstaandeWateren	LIMZNH0043_3140_24	LIMZNH0043	2024-08-22	500	500	5	hoog	1	1
IV2024101813564711	HT31xx_LSVI_StilstaandeWateren	ANTBCT0698_3160_24	ANTBCT0698	2024-08-23	500	500	7	hoog	1	1
IV2024101814082924	HT31xx_LSVI_StilstaandeWateren	ANTBCT0525_3160_24	ANTBCT0525	2024-08-23	500	500	7	hoog	1	1
IV2024101814121171	HT31xx_LSVI_StilstaandeWateren	ANTBCT0464_3160_24	ANTBCT0464	2024-08-23	500	500	7	hoog	1	1
IV2024102107481869	HT31xx_LSVI_StilstaandeWateren	ANTMEC0388_3130n_24	ANTMEC0388	2024-08-26	500	500	4	hoog	1	1
IV2024102108005683	HT31xx_LSVI_StilstaandeWateren	ANTMEC0388_3140_24	ANTMEC0388	2024-08-26	500	500	5	matig	1	1
IV2024102108121045	HT31xx_LSVI_StilstaandeWateren	ANTANT0480_3140_24	ANTANT0480	2024-08-28	500	500	5	hoog	1	1
IV2024102109520408	HT31xx_LSVI_StilstaandeWateren	ANTMOL0747_3130a_24	ANTMOL0747	2024-08-29	500	500	3	hoog	1	1
IV2024102110032069	HT31xx_LSVI_StilstaandeWateren	ANTDES0075_GH_24	ANTDES0075	2024-08-29	500	500	1	hoog	0	1
IV2024102111335446	HT31xx_LSVI_StilstaandeWateren	ANTBAA0044_3130a_24	ANTBAA0044	2024-08-30	500	500	3	hoog	1	1
IV2024102113043866	HT31xx_LSVI_StilstaandeWateren	ANTBAA0048_3130a_24	ANTBAA0048	2024-08-30	500	500	3	hoog	1	1
IV2024102113082142	HT31xx_LSVI_StilstaandeWateren	ANTBAA0048_3130n_24	ANTBAA0048	2024-08-30	500	500	4	hoog	1	1
IV2024102113110695	HT31xx_LSVI_StilstaandeWateren	ANTBAA0048_3140_24	ANTBAA0048	2024-08-30	500	500	5	hoog	1	1
IV2024102113193779	HT31xx_LSVI_StilstaandeWateren	ANTKAL0386a_3130a_24	ANTKAL0386a	2024-09-02	500	500	3	hoog	1	1
IV2024102113232608	HT31xx_LSVI_StilstaandeWateren	ANTKAL0386a_3160_24	ANTKAL0386a	2024-09-02	500	500	7	hoog	1	1
IV2024102115013502	HT31xx_LSVI_StilstaandeWateren	LIMGNK0062_3130n_24	LIMGNK0062	2024-09-03	500	500	4	hoog	1	1
IV2024102115133564	HT31xx_LSVI_StilstaandeWateren	LIMGNK0062_3130a_24	LIMGNK0062	2024-09-03	500	500	3	hoog	1	1
IV2024102115233855	HT31xx_LSVI_StilstaandeWateren	LIMGNK0182_3130n_24	LIMGNK0182	2024-09-03	500	500	4	matig	1	1
IV2024102115490522	HT31xx_LSVI_StilstaandeWateren	ANTKAS0501_3160_24	ANTKAS0501	2024-09-04	500	500	7	hoog	1	1
IV2024102115573343	HT31xx_LSVI_StilstaandeWateren	ANTKAS0501_3130n_24	ANTKAS0501	2024-09-04	500	500	4	hoog	1	1
IV2024102116015327	HT31xx_LSVI_StilstaandeWateren	ANTKAS0501_3130a_24	ANTKAS0501	2024-09-04	500	500	3	hoog	1	1
IV2024102916145910	HT31xx_LSVI_StilstaandeWateren	LIMHAS0165_3130n_24	LIMHAS0165	2024-09-05	500	500	4	hoog	1	1
IV2024102916211971	HT31xx_LSVI_StilstaandeWateren	LIMHAS0165_3130a_24	LIMHAS0165	2024-09-05	500	500	3	hoog	1	1
IV2024102916273348	HT31xx_LSVI_StilstaandeWateren	LIMHAS0462_3130a_24	LIMHAS0462	2024-09-05	500	500	3	hoog	1	1
IV2024102916363975	HT31xx_LSVI_StilstaandeWateren	LIMHAS0462_3130n_24	LIMHAS0462	2024-09-05	500	500	4	hoog	1	1
IV2024103007214333	HT31xx_LSVI_StilstaandeWateren	LIMMGR0376_3160_24	LIMMGR0376	2024-09-06	500	500	7	hoog	1	1
IV2024103007275411	HT31xx_LSVI_StilstaandeWateren	LIMBOC0019_3130n_24	LIMBOC0019	2024-09-09	500	500	4	hoog	1	1
IV2024103007363138	HT31xx_LSVI_StilstaandeWateren	LIMBOC0019_3140_24	LIMBOC0019	2024-09-09	500	500	5	hoog	1	1
IV2024103007415234	HT31xx_LSVI_StilstaandeWateren	LIMZNH0576_3130n_24	LIMZNH0576	2024-09-10	500	500	4	matig	1	1
IV2024103007510788	HT31xx_LSVI_StilstaandeWateren	LIMZNH0576_3130a_24	LIMZNH0576	2024-09-10	500	500	3	matig	1	1
IV2024103011243475	HT31xx_LSVI_StilstaandeWateren	LIMZNH0516_3130a_24	LIMZNH0516	2024-09-10	500	500	3	hoog	1	1
IV2024103011385514	HT31xx_LSVI_StilstaandeWateren	LIMZNH0516_3140_24	LIMZNH0516	2024-09-10	500	500	5	hoog	1	1
IV2024103011443885	HT31xx_LSVI_StilstaandeWateren	LIMZNH0516_3130n_24	LIMZNH0516	2024-09-10	500	500	4	hoog	1	1
IV2024103011501464	HT31xx_LSVI_StilstaandeWateren	ANTBCT0275_3160_24	ANTBCT0275	2024-09-11	500	500	7	hoog	1	1
IV2024103013174404	HT31xx_LSVI_StilstaandeWateren	LIMDPB0311_3150_24	LIMDPB0311	2024-09-12	500	500	6	hoog	1	1
IV2024103013230064	HT31xx_LSVI_StilstaandeWateren	LIMDPB0315_3150_24	LIMDPB0315	2024-09-12	500	500	6	hoog	1	1
IV2024103013483911	HT31xx_LSVI_StilstaandeWateren	LIMZNH0318_3130a_24	LIMZNH0318	2024-09-13	500	500	3	hoog	1	1
IV2024103013531318	HT31xx_LSVI_StilstaandeWateren	LIMZNH0318_3160_24	LIMZNH0318	2024-09-13	500	500	7	hoog	1	1
IV2024103109505276	HT31xx_LSVI_StilstaandeWateren	LIMLOM0067_3130a_24	LIMLOM0067	2024-09-16	500	500	3	hoog	1	1
IV2024103109575023	HT31xx_LSVI_StilstaandeWateren	LIMLOM0067_3130n_24	LIMLOM0067	2024-09-16	500	500	4	hoog	1	1
IV2024103111193960	HT31xx_LSVI_StilstaandeWateren	ANTBCT0019_3160_24	ANTBCT0019	2024-09-19	500	500	7	hoog	0	1
IV2024103111323262	HT31xx_LSVI_StilstaandeWateren	ANTBCT0019w_3160_24	ANTBCT0019	2024-09-19	500	500	7	hoog	1	1
IV2024103111373637	HT31xx_LSVI_StilstaandeWateren	ANTKAL0384_3160_24	ANTKAL0384	2024-09-20	500	500	7	hoog	1	1
IV2024103113012908	HT2190_a_LSVI_StilstaandeWateren	WV_ZWI_006_2190a_20	WV_ZWI_006	2020-06-22	500	500	9	NA	1	1
IV2024103113162816	HT31xx_LSVI_StilstaandeWateren	LIMLUM0210_3150_24	LIMLUM0210	2024-09-24	500	500	6	hoog	1	1
IV2024103113221143	HT31xx_LSVI_StilstaandeWateren	ANTMOL0068_3140_24	ANTMOL0068	2024-09-25	500	500	5	hoog	1	1
IV2024103113260929	HT31xx_LSVI_StilstaandeWateren	ANTMOL0068_3130a_24	ANTMOL0068	2024-09-25	500	500	3	hoog	1	1
IV2024103113440448	HT31xx_LSVI_StilstaandeWateren	LIMKIN0231_3150_24	LIMKIN0231	2024-09-26	500	500	6	matig	1	1
IV2024103113472220	HT31xx_LSVI_StilstaandeWateren	LIMKIN0231_3140_24	LIMKIN0231	2024-09-26	500	500	5	matig	1	1
IV2024110408002650	HT31xx_LSVI_StilstaandeWateren	ANTMRK0228_3150_24	ANTMRK0228	2024-10-03	500	500	6	hoog	1	1
IV2024110408043212	HT31xx_LSVI_StilstaandeWateren	ANTMRK0228_3140_24	ANTMRK0228	2024-10-03	500	500	5	hoog	1	1
IV2024110408093124	HT31xx_LSVI_StilstaandeWateren	ANTMRK0228_3130n_24	ANTMRK0228	2024-10-03	500	500	4	hoog	1	1
IV2024111214344240	HT31xx_LSVI_StilstaandeWateren	ANTKAL0011_3160_23	ANTKAL0011	2023-09-15	500	500	7	hoog	0	1
IV2024112010420092	HT31xx_LSVI_StilstaandeWateren	ANTMOL0747_3140_24	ANTMOL0747	2024-08-29	500	500	5	hoog	1	1
IV2024120314123342	HT31xx_LSVI_StilstaandeWateren	LIMZNH0446_3130a_24	LIMZNH0446	2024-06-12	500	500	3	hoog	1	1
IV2024120314351026	HT31xx_LSVI_StilstaandeWateren	LIMZNH0446_3130n_24	LIMZNH0446	2024-06-12	500	500	4	hoog	1	1
IV2024120315580665	HT31xx_LSVI_StilstaandeWateren	ANTHTS0151_3130a_24	ANTHTS0151	2024-08-23	500	500	3	laag	1	1
IV2024120316140532	HT31xx_LSVI_StilstaandeWateren	ANTHTS0151_3160_24	ANTHTS0151	2024-08-23	500	500	7	laag	1	1
IV2024120317285656	HT31xx_LSVI_StilstaandeWateren	ANTKAS0610_3160_24	ANTKAS0610	2024-08-23	500	500	7	hoog	1	1
IV2024120317370208	HT31xx_LSVI_StilstaandeWateren	LIMZUT0080_3130a_24	LIMZUT0080	2024-08-05	500	500	3	matig	1	1
IV2024120317531856	HT31xx_LSVI_StilstaandeWateren	OVLBVN0462_3140_24	OVLBVN0462	2024-09-12	500	500	5	hoog	1	1
IV2024120415205432	HT31xx_LSVI_StilstaandeWateren	ANTKAL0492_3130a_23	ANTKAL0492	2023-09-13	500	500	3	NA	1	1
IV2024120415323809	HT31xx_LSVI_StilstaandeWateren	ANTKAL0492_3160_23	ANTKAL0492	2023-09-13	500	500	7	hoog	1	1
IV2024120415492353	HT31xx_LSVI_StilstaandeWateren	ANTKAL0385_3160_24	ANTKAL0385	2024-08-21	500	500	7	hoog	1	1
IV2024120415554368	HT31xx_LSVI_StilstaandeWateren	ANTMOL0092_3130n_24	ANTMOL0092	2024-07-08	500	500	4	hoog	1	1
IV2024120416170638	HT31xx_LSVI_StilstaandeWateren	ANTOTH0271_3160_23	ANTOTH0271	2023-10-11	500	500	7	hoog	1	1
IV2024120416172354	HT31xx_LSVI_StilstaandeWateren	ANTMOL0092_3130a_24	ANTMOL0092	2024-07-08	500	500	3	hoog	1	1
IV2024120416303103	HT31xx_LSVI_StilstaandeWateren	ANTMOL0092_3150_24	ANTMOL0092	2024-07-08	500	500	6	hoog	1	1
IV2024120416361179	HT31xx_LSVI_StilstaandeWateren	ANTOTH0324_3130a_23	ANTOTH0324	2023-10-09	500	500	3	hoog	1	1
IV2024120508334531	HT31xx_LSVI_StilstaandeWateren	OVLBVN0461_3140_24	OVLBVN0461	2024-08-30	500	500	5	matig	1	1
IV2024120509335207	HT31xx_LSVI_StilstaandeWateren	OVLBVN0463_3140_24	OVLBVN0463	2024-08-30	500	500	5	matig	1	1
IV2024120509470854	HT31xx_LSVI_StilstaandeWateren	OVLBVN0465_3140_24	OVLBVN0465	2024-09-12	500	500	5	hoog	1	1
IV2024120511231676	HT31xx_LSVI_StilstaandeWateren	OVLMOE0016_3150_24	OVLMOE0016	2024-07-24	500	500	6	hoog	1	1
IV2024120511541167	HT31xx_LSVI_StilstaandeWateren	ANTKAL0386b_3130a_24	ANTKAL0386b	2024-08-21	500	500	3	hoog	1	1
IV2024120511591169	HT31xx_LSVI_StilstaandeWateren	ANTKAL0386b_3160_24	ANTKAL0386b	2024-08-21	500	500	7	hoog	1	1
IV2024120512114733	HT31xx_LSVI_StilstaandeWateren	ANTBAL0396_3150_24	ANTBAL0396	2024-06-14	500	500	6	hoog	1	1
IV2024120512353957	HT31xx_LSVI_StilstaandeWateren	ANTBAL0592_3150_24	ANTBAL0592	2024-06-14	500	500	6	hoog	1	1
IV2024120513293756	HT31xx_LSVI_StilstaandeWateren	ANTBAL0595_3150_24	ANTBAL0595	2024-06-14	500	500	6	hoog	1	1
IV2024120514454832	HT31xx_LSVI_StilstaandeWateren	ANTKAL0235_3160_24	ANTKAL0235	2024-08-26	500	500	7	hoog	1	1
IV2024120514543681	HT31xx_LSVI_StilstaandeWateren	ANTKAL0233_3160_24	ANTKAL0233	2024-08-26	500	500	7	hoog	1	1
IV2024120615501766	HT31xx_LSVI_StilstaandeWateren	OVLBVN0464_3140_24	OVLBVN0464	2024-06-25	500	500	5	hoog	1	1
IV2024121809142613	HT31xx_LSVI_StilstaandeWateren	OV_LIO_001_3140_20	OV_LIO_001	2022-05-22	500	500	5	hoog	1	1
IV2024121811134796	HT31xx_LSVI_StilstaandeWateren	OV_LIO_002_3140_18	OV_LIO_002	2018-05-24	500	500	5	hoog	1	1
IV2025011010231480	HT31xx_LSVI_StilstaandeWateren	OV_LIO_001_3140_18	OV_LIO_001	2018-05-24	500	500	5	hoog	1	1
IV2025020510013881	HT31xx_LSVI_StilstaandeWateren	OVLGNT0817_3140_22	OVLGNT0817	2022-07-05	500	500	5	hoog	1	1
IV2025020511071869	HT31xx_LSVI_StilstaandeWateren	WVLHAR0329_3150_22	WVLHAR0329	2022-08-18	500	500	6	hoog	1	1
IV2025020511155513	HT31xx_LSVI_StilstaandeWateren	WVLHAR0329_3140_22	WVLHAR0329	2022-08-18	500	500	5	hoog	1	1
