ID	survey	record_id_square	record_id_circle	date	type_observed	subtype_defined	type_cover	type_cover_all	is_type_target	is_maintype_target	any_type_target	n_type_target	cover_target	Habitattype	link_mhq
10010417_2023-08-11	N2000_Duinen_fieldapp	IV2023090510341314	NA	19580	2120	1	100	100% 2120	1	1	1	1	100	2120	10010417
10010417_2120_2019-10-24	N2000meetnet_Duinen_BHM	IV2020031622591285	IV2020031622542410	18193	2120	1	100	100% 2120	1	1	1	1	100	2120	10010417_2120
10038833_2023-08-31	N2000_Duinen_fieldapp	IV2023090510343053	NA	19600	2120	1	100	100% 2120	1	1	1	1	100	2120	10038833
10038833_2120_2019-10-23	N2000meetnet_Duinen_BHM	IV2020031620082049	IV2020031619445734	18192	2120	1	100	100% 2120	1	1	1	1	100	2120	10038833_2120
10048689_1_2021-07-27	N2000_Duinen_fieldapp	IV2021091710582364	NA	18835	2190_mp	1	100	100% 2190_mp	1	1	1	1	100	2190_mp	10048689_1
10057905_2023-08-14	N2000_Duinen_fieldapp	IV2023090510341863	NA	19583	2130_hd	1	100	100% 2130_hd	1	1	1	1	100	2130_hd	10057905
10057905_2120_2019-10-25	N2000meetnet_Duinen_BHM	IV2020031620313711	IV2020031620255092	18194	2120	1	100	100% 2120	1	1	1	1	100	2120	10057905_2120
10057905_2130_hd_2019-10-24	N2000meetnet_Duinen_BHM	IV2020040710495029	IV2020040610425244	18193	2130_hd	1	100	100% 2130_hd	1	1	1	1	100	2130_hd	10057905_2130_hd
10071601_2023-08-31	N2000_Duinen_fieldapp	IV2023090510343153	NA	19600	2120	1	100	100% 2120	1	1	1	1	100	2120	10071601
10071601_2120_2019-10-23	N2000meetnet_Duinen_BHM	IV2020031619093265	IV2020031619030019	18192	2120	1	100	100% 2120	1	1	1	1	100	2120	10071601_2120
10082417_2023-08-07	N2000_Duinen_fieldapp	IV2023090510342463	NA	19576	2130_hd	1	100	100% 2130_hd	1	1	1	1	100	2130_hd	10082417
10082417_2130_hd_2019-10-18	N2000meetnet_Duinen_BHM	IV2020032606512028	IV2020032606295641	18187	2130_hd	1	100	100% 2130_hd	1	1	1	1	100	2130_hd	10082417_2130_hd
10082997_2023-09-04	N2000_Duinen_fieldapp	IV2023090510342225	NA	19604	2130_hd	1	100	100% 2130_hd	1	1	1	1	100	2130_hd	10082997
10082997_2130_hd_2019-10-14	N2000meetnet_Duinen_BHM	IV2020041014580548	IV2020041014344316	18183	2130_hd	1	100	100% 2130_hd	1	1	1	1	100	2130_hd	10082997_2130_hd
1009077_2023-08-02	N2000_Duinen_fieldapp	IV2023090510340485	NA	19571	2120	1	100	100% 2120	1	1	1	1	100	2120	1009077
1009077_2120_2019-10-17	N2000meetnet_Duinen_BHM	IV2020031719541234	IV2020031719500282	18186	2120	1	100	100% 2120	1	1	1	1	100	2120	1009077_2120
10102837_2130_hd_2019-10-28	N2000meetnet_Duinen_BHM	IV2020032607052215	IV2020032606534681	18197	2130_hd	1	100	100% 2130_hd	1	1	1	1	100	2130_hd	10102837_2130_hd
10104625_2024-07-04	N2000_Duinen_fieldapp	IV2024070821532795	NA	19908	2130_hd	1	100	100% 2130_hd	1	1	1	1	100	2130_hd	10104625
10104625_2130_hd_2019-10-23	N2000meetnet_Duinen_BHM	IV2020040718364614	IV2020040718225855	18192	2130_hd	1	100	100% 2130_hd	1	1	1	1	100	2130_hd	10104625_2130_hd
1011505_2022-09-27	N2000meetnet_Duinen_BHM	IV2022092720533744	IV2022092720523231	19262	2160	1	100	100% 2160	1	1	1	1	100	2160	1011505
101169_2023-08-16	N2000_Duinen_fieldapp	IV2023090510340710	NA	19585	2130_hd	1	100	100% 2130_hd	1	1	1	1	100	2130_hd	101169
10129201_2023-08-10	N2000_Duinen_fieldapp	IV2023090510340619	NA	19579	2120	1	100	100% 2120	1	1	1	1	100	2120	10129201
10129201_2120_2019-10-21	N2000meetnet_Duinen_BHM	IV2020031623145130	IV2020031623083891	18190	2120	1	100	100% 2120	1	1	1	1	100	2120	10129201_2120
10130609_2023-08-30	N2000_Duinen_fieldapp	IV2023090510342621	NA	19599	2120	1	100	100% 2120	1	1	1	1	100	2120	10130609
10130609_2120_2019-11-04	N2000meetnet_Duinen_BHM	IV2020031521074867	IV2020031521030647	18204	2120	1	100	100% 2120	1	1	1	1	100	2120	10130609_2120
10137393_2024-08-22	N2000_Duinen_fieldapp	IV2024082622132746	NA	19957	2190_mp	1	100	100% 2190_mp	1	1	1	1	100	2190_mp	10137393
10138801_2023-09-12	N2000_Duinen_fieldapp	IV2023092116274841	NA	19612	2120	1	100	100% 2120	1	1	1	1	100	2120	10138801
10138801_2120_2019-10-31	N2000meetnet_Duinen_BHM	IV2020031522385208	IV2020031522375705	18200	2120	1	100	100% 2120	1	1	1	1	100	2120	10138801_2120
1013937_2023-08-14	N2000_Duinen_fieldapp	IV2023090510335160	NA	19583	2130_hd	1	100	100% 2130_hd	1	1	1	1	100	2130_hd	1013937
1013937_2120_2019-10-25	N2000meetnet_Duinen_BHM	IV2020031620214528	IV2020031620141069	18194	2120	1	100	100% 2120	1	1	1	1	100	2120	1013937_2120
1013937_2130_hd_2019-10-25	N2000meetnet_Duinen_BHM	IV2020041011550603	IV2020041011500716	18194	2130_hd	1	100	100% 2130_hd	1	1	1	1	100	2130_hd	1013937_2130_hd
1015221_2023-08-07	N2000_Duinen_fieldapp	IV2023090510340563	NA	19576	2130_hd	1	100	100% 2130_hd	1	1	1	1	100	2130_hd	1015221
1015221_2130_hd_2019-10-16	N2000meetnet_Duinen_BHM	IV2020041015454515	IV2020041015331970	18185	2130_hd	1	100	100% 2130_hd	1	1	1	1	100	2130_hd	1015221_2130_hd
10153777_2023-08-22	N2000_Duinen_fieldapp	IV2023090510335906	NA	19591	2120	1	100	100% 2120	1	1	1	1	100	2120	10153777
10153777_2120_2018-07-16	N2000meetnet_Duinen_BHM	IV2019032212131981	IV2019032212064389	17728	2120	1	100	100% 2120	1	1	1	1	100	2120	10153777_2120
10157365_2023-09-05	N2000_Duinen_fieldapp	IV2023092116274933	NA	19605	2130_hd	1	100	100% 2130_hd	1	1	1	1	100	2130_hd	10157365
10157365_2130_hd_2019-10-28	N2000meetnet_Duinen_BHM	IV2020033015003401	IV2020033014401027	18197	2130_hd	1	100	100% 2130_hd	1	1	1	1	100	2130_hd	10157365_2130_hd
10157493_2023-08-01	N2000_Duinen_fieldapp	IV2023090510341797	NA	19570	2130_hd	1	100	100% 2130_hd	1	1	1	1	100	2130_hd	10157493
10157493_2130_hd_2019-10-17	N2000meetnet_Duinen_BHM	IV2020032407141512	IV2020032407075640	18186	2130_hd	1	100	100% 2130_hd	1	1	1	1	100	2130_hd	10157493_2130_hd
10157873_2023-08-10	N2000_Duinen_fieldapp	IV2023090510342842	NA	19579	2130_hd	1	100	100% 2130_hd	1	1	1	1	100	2130_hd	10157873
10157873_2130_hd_2019-10-23	N2000meetnet_Duinen_BHM	IV2020040610071733	IV2020040609581482	18192	2130_hd	1	100	100% 2130_hd	1	1	1	1	100	2130_hd	10157873_2130_hd
10160821_2130_hd_2019-10-14	N2000meetnet_Duinen_BHM	IV2020041015045733	IV2020041015003402	18183	2130_hd	1	100	100% 2130_hd	1	1	1	1	100	2130_hd	10160821_2130_hd
10172209_2023-08-16	N2000_Duinen_fieldapp	IV2023090510343475	NA	19585	2130_hd	1	100	100% 2130_hd	1	1	1	1	100	2130_hd	10172209
10172209_2130_hd_2019-10-22	N2000meetnet_Duinen_BHM	IV2020040609463603	IV2020033015060990	18191	2130_hd	1	100	100% 2130_hd	1	1	1	1	100	2130_hd	10172209_2130_hd
10184117_2023-08-01	N2000_Duinen_fieldapp	IV2023090510335391	NA	19570	2130_hd	1	85	85% 2130_hd	1	1	1	1	85	2130_hd	10184117
10184117_2130_HD_2019-10-17	N2000meetnet_Duinen_BHM	IV2020032506350318	IV2020032506172393	18186	2130_hd	1	100	100% 2130_hd	1	1	1	1	100	2130_hd	10184117_2130_HD
10186545_2023-08-11	N2000_Duinen_fieldapp	IV2023090510341335	NA	19580	2130_hd	1	100	100% 2130_hd	1	1	1	1	100	2130_hd	10186545
10186545_2023-08-22	N2000_Duinen_fieldapp	IV2023090510340842	NA	19591	2170	1	NA	NA	1	1	1	1	NA	2170	10186545
10186545_2120_2018-09-26	N2000meetnet_Duinen_BHM	IV2019022013365235	IV2019022013350210	17800	2120	1	100	100% 2120	1	1	1	1	100	2120	10186545_2120
10186545_2130_hd_2018-08-23	N2000meetnet_Duinen_BHM	IV2019021811185084	IV2019021811115306	17766	2130_hd	1	100	100% 2130_hd	1	1	1	1	100	2130_hd	10186545_2130_hd
10186545_2170_2018-08-23	N2000meetnet_Duinen_BHM	IV2019021812584035	IV2019021811495237	17766	2170	1	100	100% 2170	1	1	1	1	100	2170	10186545_2170
1021105_2022-10-11	N2000_Duinen_fieldapp	IV2023010321144128	NA	19276	2160	1	100	100% 2160	1	1	1	1	100	2160	1021105
1021105_2023-08-30	N2000_Duinen_fieldapp	IV2023090510343263	NA	19599	2120	1	100	100% 2120	1	1	1	1	100	2120	1021105
1021105_2120_2019-11-04	N2000meetnet_Duinen_BHM	IV2020031520570307	IV2020031520475153	18204	2120	1	100	100% 2120	1	1	1	1	100	2120	1021105_2120
10213553_2130_hd_2019-10-25	N2000meetnet_Duinen_BHM	IV2020040711103110	IV2020040710584322	18194	2130_hd	1	100	100% 2130_hd	1	1	1	1	100	2130_hd	10213553_2130_hd
10219313_2023-08-09	N2000_Duinen_fieldapp	IV2023090510334887	NA	19578	2130_hd	1	100	100% 2130_hd	1	1	1	1	100	2130_hd	10219313
10219313_2130_hd_2018-09-26	N2000meetnet_Duinen_BHM	IV2019022017491986	IV2019022017453613	17800	2130_hd	1	100	100% 2130_hd	1	1	1	1	100	2130_hd	10219313_2130_hd
10219313_2170_2018-09-26	N2000meetnet_Duinen_BHM	IV2019022017345169	IV2019022017323559	17800	2130_hd	1	40	40% 2130_hd; 60% 2170	1	1	1	2	100	2130_hd	10219313_2170
10219313_2170_2018-09-26	N2000meetnet_Duinen_BHM	IV2019022017345169	IV2019022017323559	17800	2170	1	60	40% 2130_hd; 60% 2170	1	1	1	2	100	2170	10219313_2170
10221745_2130_hd_2019-10-24	N2000meetnet_Duinen_BHM	IV2020041012121406	IV2020041012063369	18193	2130_hd	1	100	100% 2130_hd	1	1	1	1	100	2130_hd	10221745_2130_hd
10233009_2023-09-06	N2000_Duinen_fieldapp	IV2023092116275149	NA	19606	2120	1	100	100% 2120	1	1	1	1	100	2120	10233009
10233009_2120_2019-10-31	N2000meetnet_Duinen_BHM	IV2020031522270466	IV2020031522224643	18200	2120	1	100	100% 2120	1	1	1	1	100	2120	10233009_2120
10235441_2130_hd_2019-10-24	N2000meetnet_Duinen_BHM	IV2020040610284725	IV2020040610220027	18193	2130_hd	1	100	100% 2130_hd	1	1	1	1	100	2130_hd	10235441_2130_hd
10239793_2023-08-14	N2000_Duinen_fieldapp	IV2023090510341547	NA	19583	2120	1	100	100% 2120	1	1	1	1	100	2120	10239793
10239793_2120_2019-10-24	N2000meetnet_Duinen_BHM	IV2020031621034487	IV2020031621012941	18193	2120	1	100	100% 2120	1	1	1	1	100	2120	10239793_2120
10252081_2024-08-21	N2000_Duinen_fieldapp	IV2024082122133676	NA	19956	2130_hd	1	100	100% 2130_hd	1	1	1	1	100	2130_hd	10252081
10252081_2130_hd_2018-08-21	N2000meetnet_Duinen_BHM	IV2019022011550085	IV2019022011461240	17764	2130_hd	1	100	100% 2130_hd	1	1	1	1	100	2130_hd	10252081_2130_hd
10260273_2023-08-09	N2000_Duinen_fieldapp	IV2023090510340919	NA	19578	2130_hd	1	100	100% 2130_hd	1	1	1	1	100	2130_hd	10260273
10260273_2130_hd_2018-07-20	N2000meetnet_Duinen_BHM	IV2019021817150496	IV2019021817083167	17732	2130_hd	1	100	100% 2130_hd	1	1	1	1	100	2130_hd	10260273_2130_hd
10266801_2130_hd_2019-10-25	N2000meetnet_Duinen_BHM	IV2020032508304942	IV2020032508252645	18194	2130_hd	1	100	100% 2130_hd	1	1	1	1	100	2130_hd	10266801_2130_hd
10283825_2023-08-09	N2000_Duinen_fieldapp	IV2023090510340300	NA	19578	2130_hd	1	100	100% 2130_hd	1	1	1	1	100	2130_hd	10283825
10283825_2130_hd_2018-09-27	N2000meetnet_Duinen_BHM	IV2019022015174602	IV2019022015131506	17801	2130_hd	1	100	100% 2130_hd	1	1	1	1	100	2130_hd	10283825_2130_hd
10288565_2130_HD_2019-10-16	N2000meetnet_Duinen_BHM	IV2020032507272116	IV2020032507195059	18185	2130_hd	1	100	100% 2130_hd	1	1	1	1	100	2130_hd	10288565_2130_HD
10291313_2120_2019-10-18	N2000meetnet_Duinen_BHM	IV2020031719352910	IV2020031719305514	18187	2120	1	100	100% 2120	1	1	1	1	100	2120	10291313_2120
10291313_2120_2024-07-02	N2000_Duinen_fieldapp	IV2024070821532575	NA	19906	2120	1	100	100% 2120	1	1	1	1	100	2120	10291313_2120
10300977_2023-09-07	N2000_Duinen_fieldapp	IV2023092116275524	NA	19607	2120	1	100	100% 2120	1	1	1	1	100	2120	10300977
10300977_2120_2019-10-23	N2000meetnet_Duinen_BHM	IV2020031607083552	IV2020031606440525	18192	2120	1	100	100% 2120	1	1	1	1	100	2120	10300977_2120
1030321_2022-09-28	N2000meetnet_Duinen_BHM	IV2022092815453624	IV2022092815443395	19263	2160	1	100	100% 2160	1	1	1	1	100	2160	1030321
10314929_2019-10-31	N2000meetnet_Duinen_BHM	IV2020041012315171	IV2020041012244148	18200	2130_hd	1	100	100% 2130_hd	1	1	1	1	100	2130_hd	10314929
10323381_2023-06-16	N2000_Duinen_fieldapp	IV2023090510342781	NA	19524	2120	1	100	100% 2120	1	1	1	1	100	2120	10323381
10323381_2120_2019-10-17	N2000meetnet_Duinen_BHM	IV2020031721311008	IV2020031721263370	18186	2120	1	100	100% 2120	1	1	1	1	100	2120	10323381_2120
10327217_2021-08-31	N2000meetnet_Duinen_BHM	IV2022022621522506	IV2022022621455747	18870	2190	0	100	100% 2190	0	1	0	0	0	2190_mp	10327217
10333745_2023-08-31	N2000_Duinen_fieldapp	IV2023090510342509	NA	19600	2120	1	100	100% 2120	1	1	1	1	100	2120	10333745
10333745_2120_2019-10-23	N2000meetnet_Duinen_BHM	IV2020031007315831	IV2020031007173720	18192	2120	1	100	100% 2120	1	1	1	1	100	2120	10333745_2120
10334001_2190_2018-08-14	N2000meetnet_Duinen_BHM	IV2019021810403014	IV2019021810361306	17757	2190	0	100	100% 2190	0	1	0	0	0	2190_mp	10334001_2190
10342193_2120_2019-10-15	N2000meetnet_Duinen_BHM	IV2020031623341355	IV2020031623314554	18184	2120	1	100	100% 2120	1	1	1	1	100	2120	10342193_2120
103425_2023-08-02	N2000_Duinen_fieldapp	IV2023090510342648	NA	19571	2130_hd	1	100	100% 2130_hd	1	1	1	1	100	2130_hd	103425
103425_2130_hd_2019-10-17	N2000meetnet_Duinen_BHM	IV2020032407591177	IV2020032407405828	18186	2130_hd	1	100	100% 2130_hd	1	1	1	1	100	2130_hd	103425_2130_hd
10350385_2023-08-22	N2000_Duinen_fieldapp	IV2023090510341466	NA	19591	2120	1	100	100% 2120	1	1	1	1	100	2120	10350385
10350385_2120_2018-07-16	N2000meetnet_Duinen_BHM	IV2019032208584087	IV2019032208302341	17728	2120	1	100	100% 2120	1	1	1	1	100	2120	10350385_2120
10353973_2120_2019-10-28	N2000meetnet_Duinen_BHM	IV2020032310554905	IV2020032310484895	18197	2120	1	100	100% 2120	1	1	1	1	100	2120	10353973_2120
103601_2023-08-30	N2000_Duinen_fieldapp	IV2023090510343845	NA	19599	2120	1	50	50% 2120	1	1	1	1	50	2120	103601
103601_2120_2019-11-04	N2000meetnet_Duinen_BHM	IV2020031521211018	IV2020031521153338	18204	2120	1	70	70% 2120; 30% 2160	1	1	1	2	100	2120	103601_2120
103601_2120_2019-11-04	N2000meetnet_Duinen_BHM	IV2020031521211018	IV2020031521153338	18204	2160	1	30	70% 2120; 30% 2160	1	1	1	2	100	2160	103601_2120
1036081_2022-08-05	N2000meetnet_Duinen_BHM	IV2022092721074803	IV2022092721053845	19209	2160	1	100	100% 2160	1	1	1	1	100	2160	1036081
1037749_2022-08-01	N2000meetnet_Duinen_BHM	IV2022092721104008	IV2022092721093614	19205	2160	1	100	100% 2160	1	1	1	1	100	2160	1037749
10381105_2130_had_2019-10-22	N2000meetnet_Duinen_BHM	IV2020032508043894	IV2020032507573897	18191	2130_had	1	100	100% 2130_had	1	1	1	1	100	2130_had	10381105_2130_had
1038513_2022-09-30	N2000meetnet_Duinen_BHM	IV2022093017003588	IV2022093016593381	19265	2160	1	100	100% 2160	1	1	1	1	100	2160	1038513
10392753_2120_2019-10-31	N2000meetnet_Duinen_BHM	IV2020031521461005	IV2020031521403397	18200	2120	1	100	100% 2120	1	1	1	1	100	2120	10392753_2120
10398513_2120_2018-09-27	N2000meetnet_Duinen_BHM	IV2019021913332143	IV2019021913152687	17801	2120	1	100	100% 2120	1	1	1	1	100	2120	10398513_2120
10399281_2120_2019-10-23	N2000meetnet_Duinen_BHM	IV2020031607261542	IV2020031607155535	18192	2120	1	100	100% 2120	1	1	1	1	100	2120	10399281_2120
10415921_2023-10-31	N2000_Duinen_fieldapp	IV2023110621344809	NA	19661	2170	1	100	100% 2170	1	1	1	1	100	2170	10415921
10415921_2170_2018-08-24	N2000meetnet_Duinen_BHM	IV2019032213485629	IV2019032213402331	17767	2170	1	100	100% 2170	1	1	1	1	100	2170	10415921_2170
10419637_2120_2019-10-16	N2000meetnet_Duinen_BHM	IV2020031721445054	IV2020031721391174	18185	2120	1	100	100% 2120	1	1	1	1	100	2120	10419637_2120
1044273_2120_2018-07-23	N2000meetnet_Duinen_BHM	IV2019022011203333	IV2019022009260834	17735	2130_hd	1	65	65% 2130_hd; 35% 2160	1	1	1	2	100	2130_hd	1044273_2120
1044273_2120_2018-07-23	N2000meetnet_Duinen_BHM	IV2019022011203333	IV2019022009260834	17735	2160	1	35	65% 2130_hd; 35% 2160	1	1	1	2	100	2160	1044273_2120
10458289_2120_2019-11-04	N2000meetnet_Duinen_BHM	IV2020031519312449	IV2020031519301833	18204	2120	1	100	100% 2120	1	1	1	1	100	2120	10458289_2120
10462645_2120_2019-10-17	N2000meetnet_Duinen_BHM	IV2020031721133100	IV2020031721123005	18186	2120	1	100	100% 2120	1	1	1	1	100	2120	10462645_2120
1047861_2023-08-25	N2000_Duinen_fieldapp	IV2023090510335618	NA	19594	2120	1	100	100% 2120	1	1	1	1	100	2120	1047861
1047861_2120_2019-10-28	N2000meetnet_Duinen_BHM	IV2020032311330161	IV2020032311244376	18197	2120	1	100	100% 2120	1	1	1	1	100	2120	1047861_2120
10517813_2120_2019-10-28	N2000meetnet_Duinen_BHM	IV2020032308041552	IV2020032307593888	18197	2120	1	100	100% 2120	1	1	1	1	100	2120	10517813_2120
1053873_2023-09-12	N2000_Duinen_fieldapp	IV2023092116275442	NA	19612	2120	1	100	100% 2120	1	1	1	1	100	2120	1053873
1053873_2120_2019-10-31	N2000meetnet_Duinen_BHM	IV2020031522110295	IV2020031522020707	18200	2120	1	100	100% 2120	1	1	1	1	100	2120	1053873_2120
10547637_2130_hd_2019-10-16	N2000meetnet_Duinen_BHM	IV2020041015251468	IV2020041015191572	18185	2130_hd	1	100	100% 2130_hd	1	1	1	1	100	2130_hd	10547637_2130_hd
10578737_2023-08-18	N2000_Duinen_fieldapp	IV2023090510342013	NA	19587	2120	1	100	100% 2120	1	1	1	1	100	2120	10578737
10578737_2120_2018-09-27	N2000meetnet_Duinen_BHM	IV2019022013422931	IV2019022013410657	17801	2120	1	100	100% 2120	1	1	1	1	100	2120	10578737_2120
1057969_2022-10-06	N2000_Duinen_fieldapp	IV2023010321143063	NA	19271	2160	1	100	100% 2160	1	1	1	1	100	2160	1057969
1060149_2180_2020-09-14	N2000meetnet_Duinen_BHM	IV2020120216140340	IV2020120216123940	18519	2180	1	100	100% 2180	1	1	1	1	100	2180	1060149_2180
1060401_2024-09-10	N2000_Duinen_fieldapp	IV2024091815483040	NA	19976	2160	1	100	100% 2160	1	1	1	1	100	2160	1060401
10606705_2120_2019-10-18	N2000meetnet_Duinen_BHM	IV2020031718454661	IV2020031718404748	18187	2120	1	100	100% 2120	1	1	1	1	100	2120	10606705_2120
10642869_2130_hd_2019-10-18	N2000meetnet_Duinen_BHM	IV2020041016164636	IV2020041015550279	18187	2130_hd	1	100	100% 2130_hd	1	1	1	1	100	2130_hd	10642869_2130_hd
10654897_2120_2019-11-04	N2000meetnet_Duinen_BHM	IV2020031416051174	IV2020031413234346	18204	2120	1	100	100% 2120	1	1	1	1	100	2120	10654897_2120
10665777_2023-08-11	N2000_Duinen_fieldapp	IV2023090510340220	NA	19580	2120	1	100	100% 2120	1	1	1	1	100	2120	10665777
10665777_2120_2018-08-23	N2000meetnet_Duinen_BHM	IV2019022012454117	IV2019022012425367	17766	2120	1	100	100% 2120	1	1	1	1	100	2120	10665777_2120
10672241_2120_2019-10-18	N2000meetnet_Duinen_BHM	IV2020031718194416	IV2020031718111730	18187	2120	1	100	100% 2120	1	1	1	1	100	2120	10672241_2120
1069233_2024-09-03	N2000_Duinen_fieldapp	IV2024090407102262	NA	19969	2160	1	100	100% 2160	1	1	1	1	100	2160	1069233
107697_2022-08-31	N2000_Duinen_fieldapp	IV2023010321143122	NA	19235	2180	1	100	100% 2180	1	1	1	1	100	2180	107697
10778801_2130_hd_2019-10-24	N2000meetnet_Duinen_BHM	IV2020032508164234	IV2020032508102596	18193	2130_hd	1	100	100% 2130_hd	1	1	1	1	100	2130_hd	10778801_2130_hd
10809137_2190_mp_2018-08-14	N2000meetnet_Duinen_BHM	IV2019022019311405	IV2019022019283436	17757	2190_mp	1	100	100% 2190_mp	1	1	1	1	100	2190_mp	10809137_2190_mp
10839857_2024-08-07	N2000_Duinen_fieldapp	IV2024082122133189	NA	19942	2130_had	1	100	100% 2130_had	1	1	1	1	100	2130_had	10839857
10839857_2130_had_2019-10-22	N2000meetnet_Duinen_BHM	IV2020032507521080	IV2020032507445260	18191	2130_had	1	100	100% 2130_had	1	1	1	1	100	2130_had	10839857_2130_had
1090737_2022-08-12	N2000_Duinen_fieldapp	IV2023010321142576	NA	19216	2180	1	100	100% 2180	1	1	1	1	100	2180	1090737
110385_2020-07-15	N2000meetnet_Duinen_BHM	IV2021011411424030	IV2021011409540831	18458	2160	1	100	100% 2160	1	1	1	1	100	2160	110385
110705_2020-07-14	N2000meetnet_Duinen_BHM	IV2021011321462517	IV2021011321424591	18457	2120	1	100	100% 2120	1	1	1	1	100	2120	110705
11071281_2190_mp_2018-08-14	N2000meetnet_Duinen_BHM	IV2019022112005848	IV2019022111563297	17757	2190_mp	1	100	100% 2190_mp	1	1	1	1	100	2190_mp	11071281_2190_mp
11080881_1_2021-07-22	N2000_Duinen_fieldapp	IV2021091710580801	NA	18830	2190_mp	1	100	100% 2190_mp	1	1	1	1	100	2190_mp	11080881_1
1113397_2020-09-14	N2000meetnet_Duinen_BHM	IV2021021217063708	IV2021021215555995	18519	2160	1	45	5% gh; 45% 2160; 50% 2180	1	1	1	2	95	2160	1113397
1113397_2020-09-14	N2000meetnet_Duinen_BHM	IV2021021217063708	IV2021021215555995	18519	2180	1	50	5% gh; 45% 2160; 50% 2180	1	1	1	2	95	2180	1113397
111985_2020-07-20	N2000meetnet_Duinen_BHM	IV2021011513563616	IV2021011513522454	18463	2120	1	100	100% 2120	1	1	1	1	100	2120	111985
11375793_2021-08-31	N2000meetnet_Duinen_BHM	IV2022022620284834	IV2022022620200442	18870	2190	0	100	100% 2190	0	1	0	0	0	2190_mp	11375793
11413617_2021-08-02	N2000meetnet_Duinen_BHM	IV2022031511405868	IV2022031511350730	18841	2190	0	100	100% 2190	0	1	0	0	0	2190_mp	11413617
11457713_1_2021-07-19	N2000_Duinen_fieldapp	IV2021091710581839	NA	18827	2190_mp	1	100	100% 2190_mp	1	1	1	1	100	2190_mp	11457713_1
11530033_2023-11-03	N2000_Duinen_fieldapp	IV2023110621345242	NA	19664	2130_hd	1	30	30% 2130_hd; 70% 2170	1	1	1	2	100	2130_hd	11530033
11530033_2023-11-03	N2000_Duinen_fieldapp	IV2023110621345242	NA	19664	2170	1	70	30% 2130_hd; 70% 2170	1	1	1	2	100	2170	11530033
11530033_2170_2018-07-23	N2000meetnet_Duinen_BHM	IV2019021818054897	IV2019021818015534	17735	2130_hd	1	30	30% 2130_hd; 70% 2170	1	1	1	2	100	2130_hd	11530033_2170
11530033_2170_2018-07-23	N2000meetnet_Duinen_BHM	IV2019021818054897	IV2019021818015534	17735	2170	1	70	30% 2130_hd; 70% 2170	1	1	1	2	100	2170	11530033_2170
11573_2180_2020-09-09	N2000meetnet_Duinen_BHM	IV2020120216014961	IV2020120215592681	18514	2180	1	100	100% 2180	1	1	1	1	100	2180	11573_2180
1158961_2022-09-27	N2000meetnet_Duinen_BHM	IV2022092720553887	IV2022092720533554	19262	2180	1	100	100% 2180	1	1	1	1	100	2180	1158961
11595569_2170_2018-08-20	N2000meetnet_Duinen_BHM	IV2019021815265092	IV2019021815154027	17763	2130_hd	1	100	100% 2130_hd	1	1	1	1	100	2130_hd	11595569_2170
116849_2024-07-02	N2000_Duinen_fieldapp	IV2024070821532202	NA	19906	2130_hd	1	100	100% 2130_hd	1	1	1	1	100	2130_hd	116849
11686065_2021-08-27	N2000meetnet_Duinen_BHM	IV2022051219032332	IV2022051218575555	18866	2190	0	100	100% 2190	0	1	0	0	0	2190_mp	11686065
1172657_2180_2020-09-21	N2000meetnet_Duinen_BHM	IV2020120112025970	IV2020120111495894	18526	2180	1	100	100% 2180	1	1	1	1	100	2180	1172657_2180
11923249_2024-07-01	N2000_Duinen_fieldapp	IV2024070821532712	NA	19905	2190_mp	1	100	100% 2190_mp	1	1	1	1	100	2190_mp	11923249
11923249_2190_mp_2018-07-23	N2000meetnet_Duinen_BHM	IV2019022112451373	IV2019022112420450	17735	2190_mp	1	100	100% 2190_mp	1	1	1	1	100	2190_mp	11923249_2190_mp
12054321_2023-11-06	N2000_Duinen_fieldapp	IV2023110621345140	NA	19667	2170	1	100	100% 2170	1	1	1	1	100	2170	12054321
12054321_2170_2018-09-20	N2000meetnet_Duinen_BHM	IV2019022016595035	IV2019022016562144	17794	2170	1	100	100% 2170	1	1	1	1	100	2170	12054321_2170
120945_2020-07-14	N2000meetnet_Duinen_BHM	IV2021011321315520	IV2021011321285193	18457	2120	1	100	100% 2120	1	1	1	1	100	2120	120945
121525_2020-07-02	N2000meetnet_Duinen_BHM	IV2021011211462831	IV2021011211410717	18445	2120	1	100	100% 2120	1	1	1	1	100	2120	121525
1223473_2020-09-15	N2000meetnet_Duinen_BHM	IV2021020914425657	IV2021020914291444	18520	2190_mp	1	100	100% 2190_mp	1	1	1	1	100	2190_mp	1223473
122673_2021-08-10	N2000meetnet_Duinen_BHM	IV2022031620180663	IV2022031620124918	18849	2120	1	100	100% 2120	1	1	1	1	100	2120	122673
12401_2021-08-11	N2000meetnet_Duinen_BHM	IV2022042716401758	IV2022042716360493	18850	2120	1	100	100% 2120	1	1	1	1	100	2120	12401
1240881_2023-10-26	N2000_Duinen_fieldapp	IV2023110621345537	NA	19656	2130_hd	1	10	10% 2130_hd; 90% 2170	1	1	1	2	100	2130_hd	1240881
1240881_2023-10-26	N2000_Duinen_fieldapp	IV2023110621345537	NA	19656	2170	1	90	10% 2130_hd; 90% 2170	1	1	1	2	100	2170	1240881
1240881_2170_2018-09-18	N2000meetnet_Duinen_BHM	IV2019021815521039	IV2019021815483401	17792	2170	1	100	100% 2170	1	1	1	1	100	2170	1240881_2170
12431153_2190_mp_2018-08-21	N2000meetnet_Duinen_BHM	IV2019022019432327	IV2019022019402585	17764	2190_mp	1	100	100% 2190_mp	1	1	1	1	100	2190_mp	12431153_2190_mp
12545841_2023-11-06	N2000_Duinen_fieldapp	IV2023110621345656	NA	19667	2130_hd	1	70	70% 2130_hd; 30% 2170	1	1	1	2	100	2130_hd	12545841
12545841_2023-11-06	N2000_Duinen_fieldapp	IV2023110621345656	NA	19667	2170	1	30	70% 2130_hd; 30% 2170	1	1	1	2	100	2170	12545841
12545841_2170_2018-09-20	N2000meetnet_Duinen_BHM	IV2019022017120928	IV2019022017090395	17794	2160	1	60	60% 2160; 40% 2170	1	1	1	2	100	2160	12545841_2170
12545841_2170_2018-09-20	N2000meetnet_Duinen_BHM	IV2019022017120928	IV2019022017090395	17794	2170	1	40	60% 2160; 40% 2170	1	1	1	2	100	2170	12545841_2170
1264241_2024-08-07	N2000_Duinen_fieldapp	IV2024082122132473	NA	19942	2130_had	1	100	100% 2130_had	1	1	1	1	100	2130_had	1264241
12644145_2023-10-31	N2000_Duinen_fieldapp	IV2023110621344900	NA	19661	2170	1	100	100% 2170	1	1	1	1	100	2170	12644145
12644145_2170_2018-08-24	N2000meetnet_Duinen_BHM	IV2019021816515851	IV2019021816464213	17767	2170	1	100	100% 2170	1	1	1	1	100	2170	12644145_2170
126769_2024-08-23	N2000_Duinen_fieldapp	IV2024082622132273	NA	19958	2190_mp	1	100	100% 2190_mp	1	1	1	1	100	2190_mp	126769
1276081_2020-08-21	N2000meetnet_Duinen_BHM	IV2021031016231178	IV2021031016210081	18495	2130	0	100	100% 2130	0	1	0	0	0	2130_had	1276081
1276081_2020-08-21	N2000meetnet_Duinen_BHM	IV2021031016231178	IV2021031016210081	18495	2130	0	100	100% 2130	0	1	0	0	0	2130_hd	1276081
1298609_2020-09-01	N2000meetnet_Duinen_BHM	IV2021020911210746	IV2021020911184688	18506	2180	1	100	100% 2180	1	1	1	1	100	2180	1298609
1303729_2022-08-30	N2000_Duinen_fieldapp	IV2023010321145173	NA	19234	2180	1	100	100% 2180	1	1	1	1	100	2180	1303729
1306417_2024-08-02	N2000_Duinen_fieldapp	IV2024082122132586	NA	19937	2170	1	100	100% 2170	1	1	1	1	100	2170	1306417
13070129_2024-07-04	N2000_Duinen_fieldapp	IV2024070821532631	NA	19908	2130_hd	1	30	70% gh; 30% 2130_hd	1	1	1	1	30	2130_hd	13070129
13070129_2170_2018-09-20	N2000meetnet_Duinen_BHM	IV2019022017234989	IV2019022017210446	17794	2170	1	100	100% 2170	1	1	1	1	100	2170	13070129_2170
130865_2021-08-10	N2000meetnet_Duinen_BHM	IV2022031620295649	IV2022031620244735	18849	2160	1	100	100% 2160	1	1	1	1	100	2160	130865
1322293_2022-08-02	N2000meetnet_Duinen_BHM	IV2022092721094272	IV2022092721073439	19206	2180	1	100	100% 2180	1	1	1	1	100	2180	1322293
1354545_2023-08-18	N2000_Duinen_fieldapp	IV2023090510343692	NA	19587	2170	1	100	100% 2170	1	1	1	1	100	2170	1354545
13561649_2170_2018-08-24	N2000meetnet_Duinen_BHM	IV2019021813445547	IV2019021813401634	17767	2170	1	100	100% 2170	1	1	1	1	100	2170	13561649_2170
13594417_2170_2018-09-20	N2000meetnet_Duinen_BHM	IV2019021809593611	IV2019021809512830	17794	2170	1	100	100% 2170	1	1	1	1	100	2170	13594417_2170
136885_2021-08-09	N2000meetnet_Duinen_BHM	IV2022030213233916	IV2022030213183192	18848	2120	1	100	100% 2120	1	1	1	1	100	2120	136885
1371953_2020-07-15	N2000meetnet_Duinen_BHM	IV2021011412380930	IV2021011411563611	18458	2190	0	80	80% 2190	0	1	0	0	0	2190_mp	1371953
137393_2160_2020-08-19	N2000meetnet_Duinen_BHM	IV2020120211422533	IV2020120210211261	18493	2160	1	100	100% 2160	1	1	1	1	100	2160	137393_2160
1375541_2020-07-01	N2000meetnet_Duinen_BHM	IV2021011114203839	IV2021011114133629	18444	2190	0	100	100% 2190	0	1	0	0	0	2190_mp	1375541
13823793_2170_2018-09-18	N2000meetnet_Duinen_BHM	IV2019021816195603	IV2019021816153672	17792	2170	1	100	100% 2170	1	1	1	1	100	2170	13823793_2170
13889329_2170_2018-09-20	N2000meetnet_Duinen_BHM	IV2019022013161788	IV2019022013124861	17794	2170	1	100	100% 2170	1	1	1	1	100	2170	13889329_2170
1391925_2022-08-02	N2000meetnet_Duinen_BHM	IV2022092721073759	IV2022092721054491	19206	2180	1	100	100% 2180	1	1	1	1	100	2180	1391925
1418417_2022-08-11	N2000_Duinen_fieldapp	IV2023010321143202	NA	19215	2180	1	100	100% 2180	1	1	1	1	100	2180	1418417
1421105_2020-07-15	N2000meetnet_Duinen_BHM	IV2021011414113050	IV2021011414082974	18458	2190_mp	1	100	100% 2190_mp	1	1	1	1	100	2190_mp	1421105
143153_2020-07-29	N2000meetnet_Duinen_BHM	IV2021012513551835	IV2021012513463321	18472	2130_hd	1	100	100% 2130_hd	1	1	1	1	100	2130_hd	143153
1434801_2022-08-30	N2000_Duinen_fieldapp	IV2023010321143943	NA	19234	2180	1	100	100% 2180	1	1	1	1	100	2180	1434801
143797_2020-07-09	N2000meetnet_Duinen_BHM	IV2021011312154589	IV2021011312123392	18452	2120	1	100	100% 2120	1	1	1	1	100	2120	143797
1462325_2022-08-02	N2000meetnet_Duinen_BHM	IV2022092721074657	IV2022092721053652	19206	2180	1	100	100% 2180	1	1	1	1	100	2180	1462325
1484977_2022-09-02	N2000_Duinen_fieldapp	IV2023010321142600	NA	19237	2180	1	100	100% 2180	1	1	1	1	100	2180	1484977
1506613_2022-08-04	N2000meetnet_Duinen_BHM	IV2022092721074543	IV2022092721054248	19208	2180	1	100	100% 2180	1	1	1	1	100	2180	1506613
152753_2022-09-06	N2000_Duinen_fieldapp	IV2023010321144893	NA	19241	2160	1	100	100% 2160	1	1	1	1	100	2160	152753
1550513_2022-09-08	N2000_Duinen_fieldapp	IV2023010321144453	NA	19243	2180	1	100	100% 2180	1	1	1	1	100	2180	1550513
1565873_2022-08-31	N2000_Duinen_fieldapp	IV2023010321145474	NA	19235	2180	1	100	100% 2180	1	1	1	1	100	2180	1565873
1566897_2022-09-02	N2000_Duinen_fieldapp	IV2023010321144390	NA	19237	2180	1	100	100% 2180	1	1	1	1	100	2180	1566897
159537_2021-08-09	N2000meetnet_Duinen_BHM	IV2022031619525464	IV2022031619475662	18848	2130_hd	1	100	100% 2130_hd	1	1	1	1	100	2130_hd	159537
1630385_2022-09-30	N2000meetnet_Duinen_BHM	IV2022101501181245	IV2022093016593511	19265	2180	1	100	100% 2180	1	1	1	1	100	2180	1630385
163633_2023-08-31	N2000_Duinen_fieldapp	IV2023090510342363	NA	19600	2120	1	100	100% 2120	1	1	1	1	100	2120	163633
1660081_2020-09-02	N2000meetnet_Duinen_BHM	IV2021012918061488	IV2021012918041681	18507	2190_mp	1	100	100% 2190_mp	1	1	1	1	100	2190_mp	1660081
1670453_2022-08-04	N2000meetnet_Duinen_BHM	IV2022092721073635	IV2022092721054382	19208	2180	1	100	100% 2180	1	1	1	1	100	2180	1670453
1676465_1_2021-09-16	N2000_Duinen_fieldapp	IV2021091710581912	NA	18886	2170	1	100	100% 2170	1	1	1	1	100	2170	1676465_1
16772913_2024-08-21	N2000_Duinen_fieldapp	IV2024082122133333	NA	19956	2190_mp	1	100	100% 2190_mp	1	1	1	1	100	2190_mp	16772913
16772913_2190_mp_2018-08-20	N2000meetnet_Duinen_BHM	IV2019022112243061	IV2019022112142789	17763	2190_mp	1	100	100% 2190_mp	1	1	1	1	100	2190_mp	16772913_2190_mp
1680561_2022-08-11	N2000_Duinen_fieldapp	IV2023010321143662	NA	19215	2180	1	100	100% 2180	1	1	1	1	100	2180	1680561
169137_2021-08-24	N2000meetnet_Duinen_BHM	IV2022051221392184	IV2022051221331057	18863	2160	1	100	100% 2160	1	1	1	1	100	2160	169137
169137_2024-07-03	N2000_Duinen_fieldapp	IV2024070821532853	NA	19907	2130_hd	1	90	90% 2130_hd; 10% 2160	1	1	1	2	100	2130_hd	169137
169137_2024-07-03	N2000_Duinen_fieldapp	IV2024070821532853	NA	19907	2160	1	10	90% 2130_hd; 10% 2160	1	1	1	2	100	2160	169137
1696945_2022-08-30	N2000_Duinen_fieldapp	IV2023010321145220	NA	19234	2180	1	100	100% 2180	1	1	1	1	100	2180	1696945
1700017_2024-08-08	N2000_Duinen_fieldapp	IV2024082122133521	NA	19943	2130_had	1	100	100% 2130_had	1	1	1	1	100	2130_had	1700017
1710001_2020-08-24	N2000meetnet_Duinen_BHM	IV2021020816253345	IV2021020816225981	18498	2160	1	100	100% 2160	1	1	1	1	100	2160	1710001
1748785_2024-08-22	N2000_Duinen_fieldapp	IV2024082622132513	NA	19957	2190_mp	1	100	100% 2190_mp	1	1	1	1	100	2190_mp	1748785
174897_2020-07-28	N2000meetnet_Duinen_BHM	IV2021011914253938	IV2021011914214175	18471	2120	1	100	100% 2120	1	1	1	1	100	2120	174897
175921_2020-08-13	N2000meetnet_Duinen_BHM	IV2021012815174568	IV2021012815152551	18487	2190	0	100	100% 2190	0	1	0	0	0	2190_mp	175921
1792053_2022-08-04	N2000meetnet_Duinen_BHM	IV2022092721074006	IV2022092721054068	19208	2160	1	100	100% 2160	1	1	1	1	100	2160	1792053
1797937_2024-08-02	N2000_Duinen_fieldapp	IV2024082122133768	NA	19937	2170	1	100	100% 2170	1	1	1	1	100	2170	1797937
180017_2020-07-30	N2000meetnet_Duinen_BHM	IV2021021220114269	IV2021021220084770	18473	2130_hd	1	100	100% 2130_hd	1	1	1	1	100	2130_hd	180017
1812657_2022-09-08	N2000_Duinen_fieldapp	IV2023010321150183	NA	19243	2180	1	100	100% 2180	1	1	1	1	100	2180	1812657
1830705_2020-08-17	N2000meetnet_Duinen_BHM	IV2021030416074050	IV2021030416045344	18491	2190_mp	1	100	100% 2190_mp	1	1	1	1	100	2190_mp	1830705
188593_2021-08-04	N2000meetnet_Duinen_BHM	IV2022022818522286	IV2022022818481202	18843	2130_had	1	100	100% 2130_had	1	1	1	1	100	2130_had	188593
1892529_2022-09-30	N2000meetnet_Duinen_BHM	IV2022093017003811	IV2022093016593283	19265	2180	1	100	100% 2180	1	1	1	1	100	2180	1892529
1896241_2021-08-13	N2000meetnet_Duinen_BHM	IV2022032114004370	IV2022032113550270	18852	2190_mp	1	100	100% 2190_mp	1	1	1	1	100	2190_mp	1896241
1898673_2024-08-23	N2000_Duinen_fieldapp	IV2024082622132455	NA	19958	2190_mp	1	100	100% 2190_mp	1	1	1	1	100	2190_mp	1898673
1922225_2024-09-04	N2000_Duinen_fieldapp	IV2024091815482673	NA	19970	2190	0	100	100% 2190	0	1	0	0	0	2190_mp	1922225
192305_2021-08-03	N2000meetnet_Duinen_BHM	IV2022031611594417	IV2022031611480796	18842	2160	1	100	100% 2160	1	1	1	1	100	2160	192305
192625_2020-07-14	N2000meetnet_Duinen_BHM	IV2021011321561657	IV2021011321523331	18457	2120	1	100	100% 2120	1	1	1	1	100	2120	192625
1938609_2021-08-27	N2000meetnet_Duinen_BHM	IV2022051311213579	IV2022051311180812	18866	2190	0	100	100% 2190	0	1	0	0	0	2190_mp	1938609
1945393_2020-07-15	N2000meetnet_Duinen_BHM	IV2021011415190633	IV2021011415163965	18458	2190_mp	1	100	100% 2190_mp	1	1	1	1	100	2190_mp	1945393
1953969_2022-09-30	N2000meetnet_Duinen_BHM	IV2022093017003798	IV2022093016593450	19265	2180	1	100	100% 2180	1	1	1	1	100	2180	1953969
196021_2020-07-09	N2000meetnet_Duinen_BHM	IV2021011314105671	IV2021011313511379	18452	2120	1	100	100% 2120	1	1	1	1	100	2120	196021
1986613_2022-08-02	N2000meetnet_Duinen_BHM	IV2022092721074597	IV2022092721053236	19206	2180	1	100	100% 2180	1	1	1	1	100	2180	1986613
1992497_2024-08-05	N2000_Duinen_fieldapp	IV2024082122133256	NA	19940	2130_had	1	100	100% 2130_had	1	1	1	1	100	2130_had	1992497
2003969_2022-08-01	N2000meetnet_Duinen_BHM	IV2022092721094103	IV2022092721073360	19205	2180	1	100	100% 2180	1	1	1	1	100	2180	2003969
2003969_2023-06-06	N2000_Duinen_fieldapp	IV2023090510341181	NA	19514	2180	1	100	100% 2180	1	1	1	1	100	2180	2003969
20081_2023-08-08	N2000_Duinen_fieldapp	IV2023090510341663	NA	19577	2130_hd	1	100	100% 2130_hd	1	1	1	1	100	2130_hd	20081
2027313_2020-08-17	N2000meetnet_Duinen_BHM	IV2021030415431720	IV2021030415412295	18491	2130	0	100	100% 2130	0	1	0	0	0	2130_had	2027313
2027313_2020-08-17	N2000meetnet_Duinen_BHM	IV2021030415431720	IV2021030415412295	18491	2130	0	100	100% 2130	0	1	0	0	0	2130_hd	2027313
2057585_2020-07-20	N2000meetnet_Duinen_BHM	IV2021011511595068	IV2021011511574673	18463	2130_hd	1	100	100% 2130_hd	1	1	1	1	100	2130_hd	2057585
2085041_2024-08-08	N2000_Duinen_fieldapp	IV2024082122132960	NA	19943	2130_had	1	100	100% 2130_had	1	1	1	1	100	2130_had	2085041
2090161_2022-08-30	N2000_Duinen_fieldapp	IV2023010321145991	NA	19234	2180	1	100	100% 2180	1	1	1	1	100	2180	2090161
2108725_2022-08-02	N2000meetnet_Duinen_BHM	IV2022092721094321	IV2022092721073659	19206	2180	1	100	100% 2180	1	1	1	1	100	2180	2108725
2135217_2024-09-03	N2000_Duinen_fieldapp	IV2024090407102547	NA	19969	2190	0	100	100% 2190	0	1	0	0	0	2190_mp	2135217
2139313_2022-08-30	N2000_Duinen_fieldapp	IV2023010321145091	NA	19234	2180	1	100	100% 2180	1	1	1	1	100	2180	2139313
2145589_2022-08-04	N2000meetnet_Duinen_BHM	IV2022092721074131	IV2022092721054044	19208	2180	1	100	100% 2180	1	1	1	1	100	2180	2145589
2151425_2022-08-01	N2000meetnet_Duinen_BHM	IV2022092721093900	IV2022092721073344	19205	2180	1	100	100% 2180	1	1	1	1	100	2180	2151425
2161_2020-07-10	N2000meetnet_Duinen_BHM	IV2021011320162379	IV2021011320130918	18453	2130_hd	1	100	100% 2130_hd	1	1	1	1	100	2130_hd	2161
2178357_2022-08-02	N2000meetnet_Duinen_BHM	IV2022092721074393	IV2022092721053763	19206	2180	1	100	100% 2180	1	1	1	1	100	2180	2178357
2178865_2020-08-24	N2000meetnet_Duinen_BHM	IV2021020910185430	IV2021020910155441	18498	2160	1	100	100% 2160	1	1	1	1	100	2160	2178865
2205109_2022-08-01	N2000meetnet_Duinen_BHM	IV2022092721104462	IV2022092721093754	19205	2180	1	100	100% 2180	1	1	1	1	100	2180	2205109
2207537_2022-09-27	N2000meetnet_Duinen_BHM	IV2022092720553570	IV2022092720533546	19262	2180	1	100	100% 2180	1	1	1	1	100	2180	2207537
2221233_2022-08-11	N2000_Duinen_fieldapp	IV2023010321143811	NA	19215	2180	1	100	100% 2180	1	1	1	1	100	2180	2221233
228977_2020-07-23	N2000meetnet_Duinen_BHM	IV2021011523051835	IV2021011523012885	18466	2160	1	100	100% 2160	1	1	1	1	100	2160	228977
2314293_2023-08-25	N2000_Duinen_fieldapp	IV2023090510341228	NA	19594	2180	1	100	100% 2180	1	1	1	1	100	2180	2314293
23221_2020-07-03	N2000meetnet_Duinen_BHM	IV2021011211591816	IV2021011211541635	18446	2130_hd	1	100	100% 2130_hd	1	1	1	1	100	2130_hd	23221
2352305_2023-08-21	N2000_Duinen_fieldapp	IV2023090510340108	NA	19590	2180	1	100	100% 2180	1	1	1	1	100	2180	2352305
2358709_2023-09-04	N2000_Duinen_fieldapp	IV2023090510335850	NA	19604	2180	1	100	100% 2180	1	1	1	1	100	2180	2358709
2390193_2020-08-24	N2000meetnet_Duinen_BHM	IV2021020816390743	IV2021020816370382	18498	2130_hd	1	100	100% 2130_hd	1	1	1	1	100	2130_hd	2390193
2401457_2023-08-21	N2000_Duinen_fieldapp	IV2023090510341018	NA	19590	2180	1	100	100% 2180	1	1	1	1	100	2180	2401457
240433_2180_2020-09-16	N2000meetnet_Duinen_BHM	IV2020122315100049	IV2020122314440629	18521	2180	1	100	100% 2180	1	1	1	1	100	2180	240433_2180
2420529_2020-07-15	N2000meetnet_Duinen_BHM	IV2021011413414322	IV2021011413392661	18458	2190_mp	1	100	100% 2190_mp	1	1	1	1	100	2190_mp	2420529
2430129_2024-09-17	N2000_Duinen_fieldapp	IV2024091815482907	NA	19983	2170	1	100	100% 2170	1	1	1	1	100	2170	2430129
2456885_1_2023-08-25	N2000_Duinen_fieldapp	IV2023090510342981	NA	19594	2180	1	100	100% 2180	1	1	1	1	100	2180	2456885_1
2466993_2023-08-21	N2000_Duinen_fieldapp	IV2023090510343777	NA	19590	2180	1	100	100% 2180	1	1	1	1	100	2180	2466993
255153_2180_2020-09-21	N2000meetnet_Duinen_BHM	IV2020113016571783	IV2020113016470340	18526	2180	1	100	100% 2180	1	1	1	1	100	2180	255153_2180
256177_2022-09-07	N2000_Duinen_fieldapp	IV2023010321144081	NA	19242	2180	1	100	100% 2180	1	1	1	1	100	2180	256177
25777_2021-08-24	N2000meetnet_Duinen_BHM	IV2022051121463601	IV2022051121423253	18863	2120	1	100	100% 2120	1	1	1	1	100	2120	25777
2593969_2020-08-27	N2000meetnet_Duinen_BHM	IV2021020812040795	IV2021020812015021	18501	2190_mp	1	100	100% 2190_mp	1	1	1	1	100	2190_mp	2593969
259889_2021-08-06	N2000meetnet_Duinen_BHM	IV2022031616040407	IV2022031615394807	18845	2120	1	100	100% 2120	1	1	1	1	100	2120	259889
268341_2180_2020-09-14	N2000meetnet_Duinen_BHM	IV2020120410471019	IV2020120410244162	18519	2180	1	100	100% 2180	1	1	1	1	100	2180	268341_2180
273717_2180_2020-09-07	N2000meetnet_Duinen_BHM	IV2020120215103764	IV2020120215071324	18512	2180	1	100	100% 2180	1	1	1	1	100	2180	273717_2180
2741_2021-08-09	N2000meetnet_Duinen_BHM	IV2022030210245061	IV2022030210174364	18848	2120	1	100	100% 2120	1	1	1	1	100	2120	2741
2780977_2020-07-29	N2000meetnet_Duinen_BHM	IV2021020122134201	IV2021020122084267	18472	2170	1	100	100% 2170	1	1	1	1	100	2170	2780977
293041_2020-08-24	N2000meetnet_Duinen_BHM	IV2021020816583704	IV2021020816560097	18498	2130_hd	1	100	100% 2130_hd	1	1	1	1	100	2130_hd	293041
2987185_2021-08-27	N2000meetnet_Duinen_BHM	IV2022051310440081	IV2022051310401715	18866	2190	0	100	100% 2190	0	1	0	0	0	2190_mp	2987185
2993969_2021-08-13	N2000meetnet_Duinen_BHM	IV2022032112422059	IV2022032112371561	18852	2190_mp	1	100	100% 2190_mp	1	1	1	1	100	2190_mp	2993969
3026229_2020-07-02	N2000meetnet_Duinen_BHM	IV2021011210164709	IV2021011210111773	18445	2190	0	100	100% 2190	0	1	0	0	0	2190_mp	3026229
3036337_2020-09-02	N2000meetnet_Duinen_BHM	IV2021012912164517	IV2021012912113932	18507	2190_mp	1	100	100% 2190_mp	1	1	1	1	100	2190_mp	3036337
304305_2021-08-26	N2000meetnet_Duinen_BHM	IV2022051310132901	IV2022051310093946	18865	2160	1	100	100% 2160	1	1	1	1	100	2160	304305
3043121_2020-07-29	N2000meetnet_Duinen_BHM	IV2021020122272226	IV2021020122244119	18472	2130_hd	1	100	100% 2130_hd	1	1	1	1	100	2130_hd	3043121
305329_2021-08-26	N2000meetnet_Duinen_BHM	IV2022051309502084	IV2022051309464011	18865	2120	1	100	100% 2120	1	1	1	1	100	2120	305329
3069105_1_2021-07-20	N2000_Duinen_fieldapp	IV2021091710581586	NA	18828	2190_mp	1	100	100% 2190_mp	1	1	1	1	100	2190_mp	3069105_1
3141425_2020-07-08	N2000meetnet_Duinen_BHM	IV2021011309304029	IV2021011309283422	18451	2130_hd	1	100	100% 2130_hd	1	1	1	1	100	2130_hd	3141425
3168949_2020-07-03	N2000meetnet_Duinen_BHM	IV2021011213354985	IV2021011213305234	18446	2190	0	100	100% 2190	0	1	0	0	0	2190_mp	3168949
319665_2021-08-04	N2000meetnet_Duinen_BHM	IV2022031614215349	IV2022031614182104	18843	2130_had	1	100	100% 2130_had	1	1	1	1	100	2130_had	319665
32053_2020-07-06	N2000meetnet_Duinen_BHM	IV2021011216244401	IV2021011216211239	18449	2160	1	100	100% 2160	1	1	1	1	100	2160	32053
326965_2020-07-01	N2000meetnet_Duinen_BHM	IV2021011113420517	IV2021011113353756	18444	2190_mp	1	100	100% 2190_mp	1	1	1	1	100	2190_mp	326965
329841_2021-08-10	N2000meetnet_Duinen_BHM	IV2022042710353128	IV2022042710222638	18849	2160	1	100	100% 2160	1	1	1	1	100	2160	329841
337073_2021-08-26	N2000meetnet_Duinen_BHM	IV2022051310304406	IV2022051310245008	18865	2160	1	100	100% 2160	1	1	1	1	100	2160	337073
338033_2021-08-02	N2000meetnet_Duinen_BHM	IV2022031609232606	IV2022031609191480	18841	2130_had	1	100	100% 2130_had	1	1	1	1	100	2130_had	338033
339505_2021-08-16	N2000meetnet_Duinen_BHM	IV2022042911232605	IV2022042911172217	18855	2120	1	100	100% 2120	1	1	1	1	100	2120	339505
3403569_2020-07-30	N2000meetnet_Duinen_BHM	IV2021021616150916	IV2021021616114876	18473	2130_hd	1	100	100% 2130_hd	1	1	1	1	100	2130_hd	3403569
3495089_1_2021-09-03	N2000_Duinen_fieldapp	IV2021091710581298	NA	18873	2170	1	100	100% 2170	1	1	1	1	100	2170	3495089_1
3550769_2021-08-18	N2000meetnet_Duinen_BHM	IV2022051014161036	IV2022051014092363	18857	2170	1	100	100% 2170	1	1	1	1	100	2170	3550769
358577_2020-08-21	N2000meetnet_Duinen_BHM	IV2021030414080835	IV2021030414004295	18495	2130	0	100	100% 2130	0	1	0	0	0	2130_had	358577
358577_2020-08-21	N2000meetnet_Duinen_BHM	IV2021030414080835	IV2021030414004295	18495	2130	0	100	100% 2130	0	1	0	0	0	2130_hd	358577
3587889_2020-07-30	N2000meetnet_Duinen_BHM	IV2021021616014407	IV2021021615585106	18473	2130_hd	1	100	100% 2130_hd	1	1	1	1	100	2130_hd	3587889
3600177_2020-08-13	N2000meetnet_Duinen_BHM	IV2021012814220819	IV2021012814205997	18487	2190_mp	1	100	100% 2190_mp	1	1	1	1	100	2190_mp	3600177
360241_2021-08-16	N2000meetnet_Duinen_BHM	IV2022042816375226	IV2022042816324163	18855	2120	1	100	100% 2120	1	1	1	1	100	2120	360241
363313_2023-08-18	N2000_Duinen_fieldapp	IV2023090510342143	NA	19587	2120	1	100	100% 2120	1	1	1	1	100	2120	363313
3637_2020-09-01	N2000meetnet_Duinen_BHM	IV2021020911020461	IV2021020911000800	18506	2130_hd	1	100	100% 2130_hd	1	1	1	1	100	2130_hd	3637
3642545_2020-08-27	N2000meetnet_Duinen_BHM	IV2021020812520105	IV2021020812481017	18501	2170	1	100	100% 2170	1	1	1	1	100	2170	3642545
365745_2022-10-14	N2000_Duinen_fieldapp	IV2023010321143789	NA	19279	2160	1	100	100% 2160	1	1	1	1	100	2160	365745
3665713_2020-07-30	N2000meetnet_Duinen_BHM	IV2021021219574997	IV2021021219501413	18473	2160	1	100	100% 2160	1	1	1	1	100	2160	3665713
369841_2022-08-12	N2000_Duinen_fieldapp	IV2023010321143434	NA	19216	2180	1	100	100% 2180	1	1	1	1	100	2180	369841
370101_2021-08-10	N2000meetnet_Duinen_BHM	IV2022030320395951	IV2022030320363678	18849	2160	1	100	100% 2160	1	1	1	1	100	2160	370101
371505_2020-07-28	N2000meetnet_Duinen_BHM	IV2021011911441348	IV2021011911345110	18471	2120	1	100	100% 2120	1	1	1	1	100	2120	371505
3740849_1_2021-09-09	N2000_Duinen_fieldapp	IV2021091710580945	NA	18879	2170	1	100	100% 2170	1	1	1	1	100	2170	3740849_1
37889_2024-08-19	N2000_Duinen_fieldapp	IV2024082122132216	NA	19954	2130_hd	1	100	100% 2130_hd	1	1	1	1	100	2130_hd	37889
3796785_2020-07-08	N2000meetnet_Duinen_BHM	IV2021011310410273	IV2021011310273149	18451	2190_mp	1	100	100% 2190_mp	1	1	1	1	100	2190_mp	3796785
380529_2020-07-20	N2000meetnet_Duinen_BHM	IV2021011512133850	IV2021011512105237	18463	2130_hd	1	100	100% 2130_hd	1	1	1	1	100	2130_hd	380529
3807153_2120_2020-08-24	N2000meetnet_Duinen_BHM	IV2020120213552765	IV2020120213531385	18498	2120	1	100	100% 2120	1	1	1	1	100	2120	3807153_2120
3812913_2021-08-18	N2000meetnet_Duinen_BHM	IV2022051016511978	IV2022051016460269	18857	2170	1	100	100% 2170	1	1	1	1	100	2170	3812913
385201_2020-07-16	N2000meetnet_Duinen_BHM	IV2021011417592603	IV2021011417560923	18459	2130_had	1	100	100% 2130_had	1	1	1	1	100	2130_had	385201
388405_2020-07-02	N2000meetnet_Duinen_BHM	IV2021011122484812	IV2021011122432466	18445	2160	1	100	100% 2160	1	1	1	1	100	2160	388405
388913_2021-08-03	N2000meetnet_Duinen_BHM	IV2022022623030182	IV2022022622544515	18842	2120	1	100	100% 2120	1	1	1	1	100	2120	388913
395957_2120_2020-09-29	N2000meetnet_Duinen_BHM	IV2020122317102738	IV2020122317032853	18534	2120	1	100	100% 2120	1	1	1	1	100	2120	395957_2120
3963057_2020-08-21	N2000meetnet_Duinen_BHM	IV2021012116502705	IV2021012116471966	18495	2190	0	100	100% 2190	0	1	0	0	0	2190_mp	3963057
396597_2020-07-06	N2000meetnet_Duinen_BHM	IV2021011308582384	IV2021011216341755	18449	2120	1	100	100% 2120	1	1	1	1	100	2120	396597
399281_2021-08-23	N2000meetnet_Duinen_BHM	IV2022051115283439	IV2022051115250806	18862	2120	1	100	100% 2120	1	1	1	1	100	2120	399281
4013365_2021-08-12	N2000meetnet_Duinen_BHM	IV2022042809370928	IV2022042809325082	18851	2190	0	100	100% 2190	0	1	0	0	0	2190_mp	4013365
402609_2021-08-24	N2000meetnet_Duinen_BHM	IV2022051221522888	IV2022051221495105	18863	2160	1	100	100% 2160	1	1	1	1	100	2160	402609
405041_2021-08-20	N2000meetnet_Duinen_BHM	IV2022051114342732	IV2022051114301465	18859	2160	1	100	100% 2160	1	1	1	1	100	2160	405041
413749_2180_2020-09-09	N2000meetnet_Duinen_BHM	IV2020120215384647	IV2020120215370449	18514	2180	1	100	100% 2180	1	1	1	1	100	2180	413749_2180
414897_1_2021-07-26	N2000_Duinen_fieldapp	IV2021091710581356	NA	18834	2190_mp	1	100	100% 2190_mp	1	1	1	1	100	2190_mp	414897_1
415921_2021-08-25	N2000meetnet_Duinen_BHM	IV2022051309203778	IV2022051309175981	18864	2160	1	100	100% 2160	1	1	1	1	100	2160	415921
425269_2020-07-07	N2000meetnet_Duinen_BHM	IV2021011309183055	IV2021011309125223	18450	2120	1	100	100% 2120	1	1	1	1	100	2120	425269
4255537_2020-08-13	N2000meetnet_Duinen_BHM	IV2021012814423067	IV2021012814405758	18487	2130_hd	1	100	100% 2130_hd	1	1	1	1	100	2130_hd	4255537
431281_2021-08-24	N2000meetnet_Duinen_BHM	IV2022051121553852	IV2022051121522097	18863	2120	1	100	100% 2120	1	1	1	1	100	2120	431281
435377_2023-08-21	N2000_Duinen_fieldapp	IV2023090510341997	NA	19590	2180	1	100	100% 2180	1	1	1	1	100	2180	435377
435377_2024-09-12	N2000_Duinen_fieldapp	IV2024091815482492	NA	19978	2160	1	100	100% 2160	1	1	1	1	100	2160	435377
438065_2021-08-03	N2000meetnet_Duinen_BHM	IV2022031610320843	IV2022031610244106	18842	2120	1	100	100% 2120	1	1	1	1	100	2120	438065
4386609_2020-08-17	N2000meetnet_Duinen_BHM	IV2021030414365081	IV2021030414321464	18491	2130	0	90	90% 2130; 10% 2170	0	1	1	1	10	2130_had	4386609
4386609_2020-08-17	N2000meetnet_Duinen_BHM	IV2021030414365081	IV2021030414321464	18491	2130	0	90	90% 2130; 10% 2170	0	1	1	1	10	2130_hd	4386609
4543665_2024-09-17	N2000_Duinen_fieldapp	IV2024091815482258	NA	19983	2170	1	100	100% 2170	1	1	1	1	100	2170	4543665
454449_2021-08-03	N2000meetnet_Duinen_BHM	IV2022031611215656	IV2022031611044320	18842	2120	1	100	100% 2120	1	1	1	1	100	2120	454449
456817_2021-08-11	N2000meetnet_Duinen_BHM	IV2022042716290394	IV2022042716235735	18850	2120	1	100	100% 2120	1	1	1	1	100	2120	456817
456881_2021-08-25	N2000meetnet_Duinen_BHM	IV2022051309370206	IV2022051309304666	18864	2160	1	100	100% 2160	1	1	1	1	100	2160	456881
458037_2021-08-12	N2000meetnet_Duinen_BHM	IV2022032111481512	IV2022032111433237	18851	2190	0	100	100% 2190	0	1	0	0	0	2190_mp	458037
4608177_2021-08-27	N2000meetnet_Duinen_BHM	IV2022051218444991	IV2022051218364845	18866	2190_mp	1	100	100% 2190_mp	1	1	1	1	100	2190_mp	4608177
461493_2021-08-09	N2000meetnet_Duinen_BHM	IV2022030210363565	IV2022030210333141	18848	2120	1	100	100% 2120	1	1	1	1	100	2120	461493
470325_2180_2020-09-09	N2000meetnet_Duinen_BHM	IV2020120215464258	IV2020120215451489	18514	2180	1	100	100% 2180	1	1	1	1	100	2180	470325_2180
477809_2020-09-16	N2000meetnet_Duinen_BHM	IV2021020916425718	IV2021020915562064	18521	2130_had	1	85	15% gh; 85% 2130_had	1	1	1	1	85	2130_had	477809
4779825_2021-08-13	N2000meetnet_Duinen_BHM	IV2022032113360637	IV2022032113324715	18852	2190_mp	1	100	100% 2190_mp	1	1	1	1	100	2190_mp	4779825
4837553_2020-07-17	N2000meetnet_Duinen_BHM	IV2021011510412835	IV2021011510375168	18460	2130_had	1	100	100% 2130_had	1	1	1	1	100	2130_had	4837553
4877105_2023-09-07	N2000_Duinen_fieldapp	IV2023092116275212	NA	19607	2170	1	100	100% 2170	1	1	1	1	100	2170	4877105
501937_2022-09-08	N2000_Duinen_fieldapp	IV2023010321143786	NA	19243	2180	1	100	100% 2180	1	1	1	1	100	2180	501937
507697_2023-08-11	N2000_Duinen_fieldapp	IV2023090510343569	NA	19580	2120	1	100	100% 2120	1	1	1	1	100	2120	507697
511793_2160_2020-09-28	N2000meetnet_Duinen_BHM	IV2020122316200555	IV2020122316022040	18533	2160	1	100	100% 2160	1	1	1	1	100	2160	511793_2160
512177_2020-09-17	N2000meetnet_Duinen_BHM	IV2021020913072938	IV2021020912560994	18522	2180	1	100	100% 2180	1	1	1	1	100	2180	512177
51313_2020-07-10	N2000meetnet_Duinen_BHM	IV2021011317445965	IV2021011317421312	18453	2120	1	100	100% 2120	1	1	1	1	100	2120	51313
513461_2021-08-10	N2000meetnet_Duinen_BHM	IV2022030320284365	IV2022030320251055	18849	2120	1	100	100% 2120	1	1	1	1	100	2120	513461
514225_2021-08-19	N2000meetnet_Duinen_BHM	IV2022051111145195	IV2022051111104053	18858	2160	1	100	100% 2160	1	1	1	1	100	2160	514225
514741_2021-08-09	N2000meetnet_Duinen_BHM	IV2022030213394969	IV2022030213370159	18848	2120	1	100	100% 2120	1	1	1	1	100	2120	514741
517297_2022-08-31	N2000_Duinen_fieldapp	IV2023010321145661	NA	19235	2180	1	100	100% 2180	1	1	1	1	100	2180	517297
5297_2120_2020-08-27	N2000meetnet_Duinen_BHM	IV2020120214062624	IV2020120213594183	18501	2120	1	100	100% 2120	1	1	1	1	100	2120	5297_2120
530485_2022-08-04	N2000meetnet_Duinen_BHM	IV2022092721074784	IV2022092721053921	19208	2180	1	100	100% 2180	1	1	1	1	100	2180	530485
532849_2021-08-11	N2000meetnet_Duinen_BHM	IV2022042717430997	IV2022042717395837	18850	2120	1	100	100% 2120	1	1	1	1	100	2120	532849
5461169_2024-09-04	N2000_Duinen_fieldapp	IV2024091815482553	NA	19970	2170	1	100	100% 2170	1	1	1	1	100	2170	5461169
556341_2020-07-06	N2000meetnet_Duinen_BHM	IV2021011213510362	IV2021011213483112	18449	2160	1	100	100% 2160	1	1	1	1	100	2160	556341
556849_2021-08-17	N2000meetnet_Duinen_BHM	IV2022050314513260	IV2022050314444562	18856	2160	1	100	100% 2160	1	1	1	1	100	2160	556849
562353_2020-09-22	N2000meetnet_Duinen_BHM	IV2021011813214975	IV2021011813155073	18527	2160	1	100	100% 2160	1	1	1	1	100	2160	562353
566449_2022-08-12	N2000_Duinen_fieldapp	IV2023010321152468	NA	19216	2180	1	100	100% 2180	1	1	1	1	100	2180	566449
567473_2180_2020-09-25	N2000meetnet_Duinen_BHM	IV2020122315464658	IV2020122315442760	18530	2180	1	100	100% 2180	1	1	1	1	100	2180	567473_2180
57521_2021-08-04	N2000meetnet_Duinen_BHM	IV2022031613422004	IV2022031613224934	18843	2130_had	1	100	100% 2130_had	1	1	1	1	100	2130_had	57521
581809_2021-08-04	N2000meetnet_Duinen_BHM	IV2022031614031767	IV2022031613571747	18843	2130_had	1	100	100% 2130_had	1	1	1	1	100	2130_had	581809
5838001_1_2021-09-07	N2000_Duinen_fieldapp	IV2021091710581136	NA	18877	2170	1	100	100% 2170	1	1	1	1	100	2170	5838001_1
595121_2022-10-12	N2000_Duinen_fieldapp	IV2023010321144200	NA	19277	2160	1	100	100% 2160	1	1	1	1	100	2160	595121
5959473_2020-08-13	N2000meetnet_Duinen_BHM	IV2021012812153975	IV2021012811583289	18487	2190_mp	1	100	100% 2190_mp	1	1	1	1	100	2190_mp	5959473
6001841_1_2021-09-07	N2000_Duinen_fieldapp	IV2021091710582908	NA	18877	2170	1	60	60% 2170	1	1	1	1	60	2170	6001841_1
606001_2021-08-20	N2000meetnet_Duinen_BHM	IV2022051114171554	IV2022051114041101	18859	2160	1	100	100% 2160	1	1	1	1	100	2160	606001
606261_2180_2020-09-07	N2000meetnet_Duinen_BHM	IV2020120215303595	IV2020120215283175	18512	2180	1	100	100% 2180	1	1	1	1	100	2180	606261_2180
6094133_2021-08-12	N2000meetnet_Duinen_BHM	IV2022042814581877	IV2022042814541748	18851	2190	0	100	100% 2190	0	1	0	0	0	2190_mp	6094133
611505_2023-08-30	N2000_Duinen_fieldapp	IV2023090510335534	NA	19599	2120	1	100	100% 2120	1	1	1	1	100	2120	611505
61233_2020-08-13	N2000meetnet_Duinen_BHM	IV2021012811225646	IV2021012810575822	18487	2130_hd	1	100	100% 2130_hd	1	1	1	1	100	2130_hd	61233
6139697_2021-08-13	N2000meetnet_Duinen_BHM	IV2022032113193220	IV2022032113160894	18852	2190_mp	1	100	100% 2190_mp	1	1	1	1	100	2190_mp	6139697
61877_2020-07-09	N2000meetnet_Duinen_BHM	IV2021011311205751	IV2021011311172856	18452	2120	1	100	100% 2120	1	1	1	1	100	2120	61877
627889_1_2024-07-03	N2000_Duinen_fieldapp	IV2024070821532421	NA	19907	2120	1	75	75% 2120; 25% 2160	1	1	1	2	100	2120	627889_1
627889_1_2024-07-03	N2000_Duinen_fieldapp	IV2024070821532421	NA	19907	2160	1	25	75% 2120; 25% 2160	1	1	1	2	100	2160	627889_1
627889_2022-09-15	N2000_Duinen_fieldapp	IV2023010321145795	NA	19250	2160	1	100	100% 2160	1	1	1	1	100	2160	627889
6287153_2024-08-02	N2000_Duinen_fieldapp	IV2024082122132825	NA	19937	2170	1	100	100% 2170	1	1	1	1	100	2170	6287153
634417_2021-08-16	N2000meetnet_Duinen_BHM	IV2022042911542414	IV2022042911313354	18855	2120	1	80	80% 2120	1	1	1	1	80	2120	634417
6389361_2021-08-11	N2000meetnet_Duinen_BHM	IV2022042809160302	IV2022042809093911	18850	2190	0	100	100% 2190	0	1	0	0	0	2190_mp	6389361
648369_2180_2020-09-25	N2000meetnet_Duinen_BHM	IV2020122315542805	IV2020122315515392	18530	2180	1	100	100% 2180	1	1	1	1	100	2180	648369_2180
64949_2020-07-09	N2000meetnet_Duinen_BHM	IV2021011312254296	IV2021011312210575	18452	2160	1	100	100% 2160	1	1	1	1	100	2160	64949
651057_1_2023-08-22	N2000_Duinen_fieldapp	IV2023090510343307	NA	19591	2120	1	100	100% 2120	1	1	1	1	100	2120	651057_1
6579569_2021-08-11	N2000meetnet_Duinen_BHM	IV2022042716593057	IV2022042716522756	18850	2170	1	100	100% 2170	1	1	1	1	100	2170	6579569
661425_2120_2020-08-24	N2000meetnet_Duinen_BHM	IV2020120212133830	IV2020120211582747	18498	2120	1	80	80% 2120	1	1	1	1	80	2120	661425_2120
665653_2021-08-09	N2000meetnet_Duinen_BHM	IV2022030210003057	IV2022030209540567	18848	2160	1	100	100% 2160	1	1	1	1	100	2160	665653
667185_2021-08-20	N2000meetnet_Duinen_BHM	IV2022051115171744	IV2022051115125222	18859	2160	1	100	100% 2160	1	1	1	1	100	2160	667185
67697_2020-07-10	N2000meetnet_Duinen_BHM	IV2021011318514943	IV2021011317581609	18453	2160	1	100	100% 2160	1	1	1	1	100	2160	67697
678065_2021-08-25	N2000meetnet_Duinen_BHM	IV2022051222413977	IV2022051222383211	18864	2160	1	100	100% 2160	1	1	1	1	100	2160	678065
6788273_1_2021-09-13	N2000_Duinen_fieldapp	IV2021091710580627	NA	18883	2170	1	100	100% 2170	1	1	1	1	100	2170	6788273_1
693425_2022-10-11	N2000_Duinen_fieldapp	IV2023010321144573	NA	19276	2160	1	100	100% 2160	1	1	1	1	100	2160	693425
7050417_2021-09-13	N2000_Duinen_fieldapp	IV2021091710582095	NA	18883	2170	1	100	100% 2170	1	1	1	1	100	2170	7050417
7159093_2021-08-12	N2000meetnet_Duinen_BHM	IV2022032110452935	IV2022032110412070	18851	2190	0	100	100% 2190	0	1	0	0	0	2190_mp	7159093
720689_2021-08-10	N2000meetnet_Duinen_BHM	IV2022031620520353	IV2022031620420928	18849	2160	1	100	100% 2160	1	1	1	1	100	2160	720689
7220533_2021-08-12	N2000meetnet_Duinen_BHM	IV2022031621120972	IV2022031621080356	18851	2190	0	100	100% 2190	0	1	0	0	0	2190_mp	7220533
726193_2022-09-13	N2000_Duinen_fieldapp	IV2023010321150073	NA	19248	2160	1	100	100% 2160	1	1	1	1	100	2160	726193
730289_2022-10-06	N2000_Duinen_fieldapp	IV2023010321145550	NA	19271	2160	1	100	100% 2160	1	1	1	1	100	2160	730289
7335729_2023-11-03	N2000_Duinen_fieldapp	IV2023110621345316	NA	19664	2170	1	100	100% 2170	1	1	1	1	100	2170	7335729
7421237_2021-08-12	N2000meetnet_Duinen_BHM	IV2022032111315512	IV2022032111193875	18851	2190	0	100	100% 2190	0	1	0	0	0	2190_mp	7421237
758961_2022-10-07	N2000_Duinen_fieldapp	IV2023010321143364	NA	19272	2160	1	100	100% 2160	1	1	1	1	100	2160	758961
764081_2022-09-08	N2000_Duinen_fieldapp	IV2023010321142744	NA	19243	2180	1	NA	NA	1	1	1	1	NA	2180	764081
776369_2022-09-30	N2000meetnet_Duinen_BHM	IV2022093017003238	IV2022093016593645	19265	2160	1	100	100% 2160	1	1	1	1	100	2160	776369
782129_2020-07-30	N2000meetnet_Duinen_BHM	IV2021020209412979	IV2021020209383152	18473	2130_hd	1	100	100% 2130_hd	1	1	1	1	100	2130_hd	782129
798257_2022-09-28	N2000meetnet_Duinen_BHM	IV2022092815453749	IV2022092815443741	19263	2160	1	100	100% 2160	1	1	1	1	100	2160	798257
802609_2022-09-28	N2000meetnet_Duinen_BHM	IV2022093017003466	IV2022092815443549	19263	2160	1	100	100% 2160	1	1	1	1	100	2160	802609
811185_2020-07-17	N2000meetnet_Duinen_BHM	IV2021011421474427	IV2021011421460959	18460	2130_had	1	100	100% 2130_had	1	1	1	1	100	2130_had	811185
81205_2020-09-10	N2000meetnet_Duinen_BHM	IV2021021017253747	IV2021021017234254	18515	2130_hd	1	50	50% 2130_hd	1	1	1	1	50	2130_hd	81205
817329_2022-09-28	N2000meetnet_Duinen_BHM	IV2022092815453464	IV2022092815443368	19263	2160	1	100	100% 2160	1	1	1	1	100	2160	817329
81973_2020-09-07	N2000meetnet_Duinen_BHM	IV2021020312011653	IV2021020311555972	18512	2130_hd	1	100	100% 2130_hd	1	1	1	1	100	2130_hd	81973
8207669_2021-08-12	N2000meetnet_Duinen_BHM	IV2022032109305242	IV2022032109223660	18851	2190	0	100	100% 2190	0	1	0	0	0	2190_mp	8207669
823089_2022-08-05	N2000meetnet_Duinen_BHM	IV2022092721073816	IV2022092721054155	19209	2160	1	100	100% 2160	1	1	1	1	100	2160	823089
824497_2022-09-15	N2000_Duinen_fieldapp	IV2023010321145602	NA	19250	2160	1	100	100% 2160	1	1	1	1	100	2160	824497
828593_2022-09-16	N2000_Duinen_fieldapp	IV2023010321144117	NA	19251	2160	1	100	100% 2160	1	1	1	1	100	2160	828593
854129_2022-09-21	N2000meetnet_Duinen_BHM	IV2022092720573527	IV2022092720553273	19256	2160	1	100	100% 2160	1	1	1	1	100	2160	854129
8557745_2022-10-11	N2000_Duinen_fieldapp	IV2023010321144679	NA	19276	2130_hd	1	40	40% 2130_hd; 60% 2160	1	1	1	2	100	2130_hd	8557745
8557745_2022-10-11	N2000_Duinen_fieldapp	IV2023010321144679	NA	19276	2160	1	60	40% 2130_hd; 60% 2160	1	1	1	2	100	2160	8557745
857265_2022-09-13	N2000_Duinen_fieldapp	IV2023010321143581	NA	19248	2120	1	45	45% 2120; 55% 2160	1	1	1	2	100	2120	857265
857265_2022-09-13	N2000_Duinen_fieldapp	IV2023010321143581	NA	19248	2160	1	55	45% 2120; 55% 2160	1	1	1	2	100	2160	857265
861361_2022-09-09	N2000_Duinen_fieldapp	IV2023010321145811	NA	19244	2160	1	100	100% 2160	1	1	1	1	100	2160	861361
862321_2024-08-19	N2000_Duinen_fieldapp	IV2024082122132704	NA	19954	2130_had	1	100	100% 2130_had	1	1	1	1	100	2130_had	862321
863793_2022-09-28	N2000meetnet_Duinen_BHM	IV2022092815453237	IV2022092815443602	19263	2160	1	100	100% 2160	1	1	1	1	100	2160	863793
8754353_1_2021-09-03	N2000_Duinen_fieldapp	IV2021091710583036	NA	18873	2190	0	100	100% 2190	0	1	0	0	0	2190_mp	8754353_1
877745_2022-10-12	N2000_Duinen_fieldapp	IV2023010321145332	NA	19277	2160	1	100	100% 2160	1	1	1	1	100	2160	877745
88117_2020-09-15	N2000meetnet_Duinen_BHM	IV2021020914032298	IV2021020913514220	18520	2130_hd	1	100	100% 2130_hd	1	1	1	1	100	2130_hd	88117
890033_2022-10-14	N2000_Duinen_fieldapp	IV2023010321144828	NA	19279	2160	1	100	100% 2160	1	1	1	1	100	2160	890033
896561_2022-09-28	N2000meetnet_Duinen_BHM	IV2022092815453533	IV2022092815443417	19263	2160	1	100	100% 2160	1	1	1	1	100	2160	896561
913201_2022-08-05	N2000meetnet_Duinen_BHM	IV2022092721054768	IV2022092721033248	19209	2160	1	100	100% 2160	1	1	1	1	100	2160	913201
913585_2020-07-17	N2000meetnet_Duinen_BHM	IV2021011511382024	IV2021011511362765	18460	2130_had	1	100	100% 2130_had	1	1	1	1	100	2130_had	913585
91505_2020-07-20	N2000meetnet_Duinen_BHM	IV2021011513425087	IV2021011513410504	18463	2130_hd	1	100	100% 2130_hd	1	1	1	1	100	2130_hd	91505
919665_2022-09-21	N2000meetnet_Duinen_BHM	IV2022092720573616	IV2022092720553302	19256	2160	1	100	100% 2160	1	1	1	1	100	2160	919665
923569_2022-09-27	N2000meetnet_Duinen_BHM	IV2022092720523477	IV2022092720513272	19262	2160	1	100	100% 2160	1	1	1	1	100	2160	923569
940085_2022-08-04	N2000meetnet_Duinen_BHM	IV2022092721074228	IV2022092721053521	19208	2180	1	100	100% 2180	1	1	1	1	100	2180	940085
945969_2022-09-27	N2000meetnet_Duinen_BHM	IV2022092720533621	IV2022092720523337	19262	2160	1	100	100% 2160	1	1	1	1	100	2160	945969
959925_2022-08-01	N2000meetnet_Duinen_BHM	IV2022092721104370	IV2022092721093501	19205	2180	1	100	100% 2180	1	1	1	1	100	2180	959925
96433_2021-08-23	N2000meetnet_Duinen_BHM	IV2022051116124938	IV2022051116090484	18862	2120	1	100	100% 2120	1	1	1	1	100	2120	96433
966833_2020-07-17	N2000meetnet_Duinen_BHM	IV2021011511501803	IV2021011511481135	18460	2130_had	1	100	100% 2130_had	1	1	1	1	100	2130_had	966833
971953_2022-10-07	N2000_Duinen_fieldapp	IV2023010321145261	NA	19272	2160	1	100	100% 2160	1	1	1	1	100	2160	971953
975025_2020-07-16	N2000meetnet_Duinen_BHM	IV2021011421263811	IV2021011421243074	18459	2130_had	1	100	100% 2130_had	1	1	1	1	100	2130_had	975025
9760561_2021-08-13	N2000meetnet_Duinen_BHM	IV2022032114411660	IV2022032114372651	18852	2190_mp	1	100	100% 2190_mp	1	1	1	1	100	2190_mp	9760561
977713_2022-09-27	N2000meetnet_Duinen_BHM	IV2022092720553636	IV2022092720533217	19262	2160	1	100	100% 2160	1	1	1	1	100	2160	977713
978737_2020-08-17	N2000meetnet_Duinen_BHM	IV2021030415574137	IV2021030415543138	18491	2130	0	20	20% 2130; 80% 2170	0	1	1	1	80	2130_had	978737
978737_2020-08-17	N2000meetnet_Duinen_BHM	IV2021030415574137	IV2021030415543138	18491	2130	0	20	20% 2130; 80% 2170	0	1	1	1	80	2130_hd	978737
992433_2022-10-05	N2000_Duinen_fieldapp	IV2023010321142965	NA	19270	2160	1	100	100% 2160	1	1	1	1	100	2160	992433
999217_2024-09-10	N2000_Duinen_fieldapp	IV2024091815482810	NA	19976	2190_mp	1	100	100% 2190_mp	1	1	1	1	100	2190_mp	999217
bd_01_2022-06-30	N2000_Duinen_fieldapp	IV2023010321142829	NA	19173	2180	1	100	100% 2180	1	1	1	1	100	2180	bd_01
bd_02_2022-08-01	N2000meetnet_Duinen_BHM	IV2022092721094472	IV2022092721073587	19205	2180	1	100	100% 2180	1	1	1	1	100	2180	bd_02
bd_03_2022-08-01	N2000meetnet_Duinen_BHM	IV2022092721094098	IV2022092721073450	19205	2180	1	100	100% 2180	1	1	1	1	100	2180	bd_03
BD_06_2180_2020-09-28	N2000meetnet_Duinen_BHM	IV2020122316540893	IV2020122316500539	18533	2180	1	100	100% 2180	1	1	1	1	100	2180	BD_06_2180
bd_11_2021-08-10	N2000meetnet_Duinen_BHM	IV2022042711011620	IV2022042710554038	18849	2130_hd	1	100	100% 2130_hd	1	1	1	1	100	2130_hd	bd_11
bd_13_2020-07-14	N2000meetnet_Duinen_BHM	IV2021011409434206	IV2021011409405597	18457	2160	1	100	100% 2160	1	1	1	1	100	2160	bd_13
bd_14_2021-08-10	N2000meetnet_Duinen_BHM	IV2022042716131271	IV2022042716103709	18849	2130_hd	1	100	100% 2130_hd	1	1	1	1	100	2130_hd	bd_14
ca_01_2020-07-17	N2000meetnet_Duinen_BHM	IV2021011510232253	IV2021011510212832	18460	2130_had	1	100	100% 2130_had	1	1	1	1	100	2130_had	ca_01
ca_02_2021-08-04	N2000meetnet_Duinen_BHM	IV2022022623241598	IV2022022623181075	18843	2130_had	1	100	100% 2130_had	1	1	1	1	100	2130_had	ca_02
ca_03_2021-08-04	N2000meetnet_Duinen_BHM	IV2022022818203568	IV2022022818175616	18843	2130_had	1	100	100% 2130_had	1	1	1	1	100	2130_had	ca_03
Ca_04_2180_2020-09-17	N2000meetnet_Duinen_BHM	IV2020122315202968	IV2020122315175746	18522	2180	1	100	100% 2180	1	1	1	1	100	2180	Ca_04_2180
ca_05_2021-08-04	N2000meetnet_Duinen_BHM	IV2022022622363959	IV2022022622253016	18843	2130_had	1	100	100% 2130_had	1	1	1	1	100	2130_had	ca_05
Ca_06_2180_2020-09-17	N2000meetnet_Duinen_BHM	IV2020122315393420	IV2020122315372252	18522	2180	1	100	100% 2180	1	1	1	1	100	2180	Ca_06_2180
ca_07_2021-08-04	N2000meetnet_Duinen_BHM	IV2022022818365753	IV2022022818342797	18843	2130_had	1	100	100% 2130_had	1	1	1	1	100	2130_had	ca_07
ca_08_2020-07-17	N2000meetnet_Duinen_BHM	IV2021011509585608	IV2021011509552820	18460	2130_had	1	100	100% 2130_had	1	1	1	1	100	2130_had	ca_08
ca_09_2020-07-16	N2000meetnet_Duinen_BHM	IV2021011421142186	IV2021011421115160	18459	2130_had	1	100	100% 2130_had	1	1	1	1	100	2130_had	ca_09
ca_10_2020-07-16	N2000meetnet_Duinen_BHM	IV2021011415502665	IV2021011415473427	18459	2130_had	1	100	100% 2130_had	1	1	1	1	100	2130_had	ca_10
ca_11_2020-07-16	N2000meetnet_Duinen_BHM	IV2021011420541030	IV2021011420521383	18459	2130_had	1	100	100% 2130_had	1	1	1	1	100	2130_had	ca_11
Ca_12_2020-09-17	N2000meetnet_Duinen_BHM	IV2021020913245178	IV2021020913215942	18522	2180	1	100	100% 2180	1	1	1	1	100	2180	Ca_12
ca_13_2020-07-16	N2000meetnet_Duinen_BHM	IV2021011421031696	IV2021011421011981	18459	2130_had	1	100	100% 2130_had	1	1	1	1	100	2130_had	ca_13
ca_15_2021-08-04	N2000meetnet_Duinen_BHM	IV2022031615023963	IV2022031614343498	18843	2130_had	1	100	100% 2130_had	1	1	1	1	100	2130_had	ca_15
dh_02_2021-08-02	N2000meetnet_Duinen_BHM	IV2022031513374942	IV2022031512323513	18841	2130_had	1	100	100% 2130_had	1	1	1	1	100	2130_had	dh_02
dh_03_2021-07-28	N2000meetnet_Duinen_BHM	IV2022022721063192	IV2022022715240205	18836	2130_had	1	100	100% 2130_had	1	1	1	1	100	2130_had	dh_03
dh_04_2021-08-02	N2000meetnet_Duinen_BHM	IV2022031610041121	IV2022031609582306	18841	2190	0	100	100% 2190	0	1	0	0	0	2190_mp	dh_04
dh_05_2021-08-02	N2000meetnet_Duinen_BHM	IV2022031516330287	IV2022031516273992	18841	2130_had	1	100	100% 2130_had	1	1	1	1	100	2130_had	dh_05
dh_06_2020-07-22	N2000meetnet_Duinen_BHM	IV2021011516515867	IV2021011516500457	18465	2130_had	1	100	100% 2130_had	1	1	1	1	100	2130_had	dh_06
dh_07_2021-08-05	N2000meetnet_Duinen_BHM	IV2022031615200103	IV2022031615151196	18844	2130_had	1	100	100% 2130_had	1	1	1	1	100	2130_had	dh_07
dh_10_2021-07-14	N2000_Duinen_fieldapp	IV2021071416240557	NA	18822	2130_had	1	100	100% 2130_had	1	1	1	1	100	2130_had	dh_10
dh_11_2021-08-05	N2000meetnet_Duinen_BHM	IV2022032311241579	IV2022032311062202	18844	2130_had	1	100	100% 2130_had	1	1	1	1	100	2130_had	dh_11
dh_12_2021-07-14	N2000_Duinen_fieldapp	IV2021071921130258	NA	18822	2130_had	1	100	100% 2130_had	1	1	1	1	100	2130_had	dh_12
dh_14_2021-07-14	N2000_Duinen_fieldapp	IV2021071416240932	NA	18822	2130_had	1	100	100% 2130_had	1	1	1	1	100	2130_had	dh_14
dh_16_2020-07-22	N2000meetnet_Duinen_BHM	IV2021011514530901	IV2021011514502944	18465	2190	0	100	100% 2190	0	1	0	0	0	2190_mp	dh_16
double_11923249_2018-07-16	N2000meetnet_Duinen_BHM	IV2019032212340237	IV2019032212232276	17728	2190_mp	1	100	100% 2190_mp	1	1	1	1	100	2190_mp	double_11923249
double_358577_2021-08-23	N2000meetnet_Duinen_BHM	IV2022051121315448	IV2022051121280729	18862	2120	1	100	100% 2120	1	1	1	1	100	2120	double_358577
double_514225_2020-08-19	N2000meetnet_Duinen_BHM	IV2021031014570260	IV2021031014461432	18493	2160	1	100	100% 2160	1	1	1	1	100	2160	double_514225
double_hs_04_2020-08-19	N2000meetnet_Duinen_BHM	IV2021031014190674	IV2021030417054314	18493	2160	1	100	100% 2160	1	1	1	1	100	2160	double_hs_04
double_hs_05_2020-08-19	N2000meetnet_Duinen_BHM	IV2021031016140238	IV2021031016112450	18493	2160	1	100	100% 2160	1	1	1	1	100	2160	double_hs_05
double_hs_12_2020-08-19	N2000meetnet_Duinen_BHM	IV2021030416513184	IV2021030416263133	18493	2160	1	100	100% 2160	1	1	1	1	100	2160	double_hs_12
double_hs_13_2020-08-19	N2000meetnet_Duinen_BHM	IV2021031016023226	IV2021031015595629	18493	2160	1	100	100% 2160	1	1	1	1	100	2160	double_hs_13
dp_08_2021-08-18	N2000meetnet_Duinen_BHM	IV2022051014532030	IV2022051014492331	18857	2130_hd	1	100	100% 2130_hd	1	1	1	1	100	2130_hd	dp_08
dp_09_2021-08-18	N2000meetnet_Duinen_BHM	IV2022051014355786	IV2022051014311949	18857	2160	1	100	100% 2160	1	1	1	1	100	2160	dp_09
dp_10_2021-08-17	N2000meetnet_Duinen_BHM	IV2022050313373565	IV2022050313330804	18856	2130_hd	1	100	100% 2130_hd	1	1	1	1	100	2130_hd	dp_10
dp_11_2021-08-17	N2000meetnet_Duinen_BHM	IV2022050313224702	IV2022050313162490	18856	2130_hd	1	100	100% 2130_hd	1	1	1	1	100	2130_hd	dp_11
dp_13_2021-08-20	N2000meetnet_Duinen_BHM	IV2022051111300615	IV2022051111241288	18859	2130_hd	1	100	100% 2130_hd	1	1	1	1	100	2130_hd	dp_13
ha_02_2022-08-05	N2000meetnet_Duinen_BHM	IV2022092721054626	IV2022092721033636	19209	2180	1	100	100% 2180	1	1	1	1	100	2180	ha_02
ha_14_2022-08-05	N2000meetnet_Duinen_BHM	IV2022092721054872	IV2022092721033513	19209	2180	1	100	100% 2180	1	1	1	1	100	2180	ha_14
hb_01_2021-08-23	N2000meetnet_Duinen_BHM	IV2022051115481261	IV2022051115414552	18862	2160	1	100	100% 2160	1	1	1	1	100	2160	hb_01
hs_04_2021-08-19	N2000meetnet_Duinen_BHM	IV2022051017365431	IV2022051017294517	18858	2160	1	100	100% 2160	1	1	1	1	100	2160	hs_04
hs_05_2021-08-19	N2000meetnet_Duinen_BHM	IV2022032121314471	IV2022032121272563	18858	2160	1	100	100% 2160	1	1	1	1	100	2160	hs_05
hs_08_2021-08-19	N2000meetnet_Duinen_BHM	IV2022032120560893	IV2022032120503639	18858	2130_hd	1	100	100% 2130_hd	1	1	1	1	100	2130_hd	hs_08
hs_09_2022-09-02	N2000_Duinen_fieldapp	IV2023010321144939	NA	19237	2180	1	100	100% 2180	1	1	1	1	100	2180	hs_09
hs_12_2021-08-19	N2000meetnet_Duinen_BHM	IV2022032120164256	IV2022032120074193	18858	2160	1	100	100% 2160	1	1	1	1	100	2160	hs_12
hs_13_2021-08-19	N2000meetnet_Duinen_BHM	IV2022051017072200	IV2022051017031260	18858	2170	1	100	100% 2170	1	1	1	1	100	2170	hs_13
hs_17_2021-08-19	N2000meetnet_Duinen_BHM	IV2022032121171029	IV2022032121135735	18858	2130_hd	1	100	100% 2130_hd	1	1	1	1	100	2130_hd	hs_17
ij_02_2020-07-28	N2000meetnet_Duinen_BHM	IV2021012509434584	IV2021012509415504	18471	2130_hd	1	100	100% 2130_hd	1	1	1	1	100	2130_hd	ij_02
KD_05_2180_2020-09-21	N2000meetnet_Duinen_BHM	IV2020113017513017	IV2020113017361075	18526	2180	1	100	100% 2180	1	1	1	1	100	2180	KD_05_2180
nd_03_2021-08-25	N2000meetnet_Duinen_BHM	IV2022051222571398	IV2022051222520494	18864	2160	1	100	100% 2160	1	1	1	1	100	2160	nd_03
nd_15_2021-08-25	N2000meetnet_Duinen_BHM	IV2022051222223979	IV2022051222194996	18864	2160	1	100	100% 2160	1	1	1	1	100	2160	nd_15
ND_21_2020-09-07	N2000meetnet_Duinen_BHM	IV2021021812420586	IV2021021812391093	18512	2190_mp	1	100	100% 2190_mp	1	1	1	1	100	2190_mp	ND_21
ND_22_2020-09-08	N2000meetnet_Duinen_BHM	IV2021021815005509	IV2021021814592119	18513	2190_mp	1	100	100% 2190_mp	1	1	1	1	100	2190_mp	ND_22
OH_01_2180_2020-09-21	N2000meetnet_Duinen_BHM	IV2020113021140253	IV2020113021114309	18526	2180	1	100	100% 2180	1	1	1	1	100	2180	OH_01_2180
OH_02_2020-09-25	N2000meetnet_Duinen_BHM	IV2021031016363298	IV2021031016342319	18530	2180	1	100	100% 2180	1	1	1	1	100	2180	OH_02
OH_03_2020-09-25	N2000meetnet_Duinen_BHM	IV2021021816514337	IV2021021816364719	18530	2180	1	100	100% 2180	1	1	1	1	100	2180	OH_03
oh_08_2021-08-26	N2000meetnet_Duinen_BHM	IV2022051309593230	IV2022051309565349	18865	2160	1	100	100% 2160	1	1	1	1	100	2160	oh_08
ov_91_2021-08-09	N2000meetnet_Duinen_BHM	IV2022031616292374	IV2022031616195962	18848	2130_hd	1	100	100% 2130_hd	1	1	1	1	100	2130_hd	ov_91
Sb_06_2020-09-16	N2000meetnet_Duinen_BHM	IV2021020915383240	IV2021020915334073	18521	2130_had	1	100	100% 2130_had	1	1	1	1	100	2130_had	Sb_06
sc_03_2021-08-16	N2000meetnet_Duinen_BHM	IV2022042912482620	IV2022042912314790	18855	2160	1	100	100% 2160	1	1	1	1	100	2160	sc_03
SD_02_2020-09-28	N2000meetnet_Duinen_BHM	IV2021021816160483	IV2021021815145590	18533	2160	1	100	100% 2160	1	1	1	1	100	2160	SD_02
sl_01_2020-07-23	N2000meetnet_Duinen_BHM	IV2021011522332571	IV2021011522302763	18466	2160	1	100	100% 2160	1	1	1	1	100	2160	sl_01
ty_01_2020-07-08	N2000meetnet_Duinen_BHM	IV2021011309504788	IV2021011309484294	18451	2160	1	100	100% 2160	1	1	1	1	100	2160	ty_01
TY_18_2020-08-17	N2000meetnet_Duinen_BHM	IV2021030415234918	IV2021030415195566	18491	2130_hd	1	100	100% 2130_hd	1	1	1	1	100	2130_hd	TY_18
TY_20_2020-08-13	N2000meetnet_Duinen_BHM	IV2021012814304459	IV2021012814295639	18487	2130_hd	1	100	100% 2130_hd	1	1	1	1	100	2130_hd	TY_20
unknown_2021-09-09	N2000_Duinen_fieldapp	IV2021091710582555	NA	18879	2170	1	100	100% 2170	1	1	1	1	100	2170	unknown
wn_05_2020-09-02	N2000meetnet_Duinen_BHM	IV2021012516111513	IV2021012515511275	18507	2170	1	100	100% 2170	1	1	1	1	100	2170	wn_05
wn_12_2021-07-15	N2000_Duinen_fieldapp	IV2021091710582633	NA	18823	2130_hd	1	100	100% 2130_hd	1	1	1	1	100	2130_hd	wn_12
wn_15_2021-07-27	N2000_Duinen_fieldapp	IV2021091710581620	NA	18835	2130_hd	1	100	100% 2130_hd	1	1	1	1	100	2130_hd	wn_15
wn_17_2021-09-10	N2000_Duinen_fieldapp	IV2021091710582765	NA	18880	2170	1	90	90% 2170	1	1	1	1	90	2170	wn_17
WN_20_2020-08-27	N2000meetnet_Duinen_BHM	IV2021020318085555	IV2021020318044186	18501	2170	1	100	100% 2170	1	1	1	1	100	2170	WN_20
wn_21_2021-09-14	N2000_Duinen_fieldapp	IV2021091710583218	NA	18884	2170	1	70	70% 2170	1	1	1	1	70	2170	wn_21
wn_24_2021-09-08	N2000_Duinen_fieldapp	IV2021091710582214	NA	18878	2130_hd	1	100	100% 2130_hd	1	1	1	1	100	2130_hd	wn_24
WN_25_2020-08-27	N2000meetnet_Duinen_BHM	IV2021020313074317	IV2021020312441990	18501	2160	1	100	100% 2160	1	1	1	1	100	2160	WN_25
WN_27_2020-08-27	N2000meetnet_Duinen_BHM	IV2021020315325351	IV2021020315180623	18501	2170	1	100	100% 2170	1	1	1	1	100	2170	WN_27
WN_29_2020-08-27	N2000meetnet_Duinen_BHM	IV2021020813433421	IV2021020813375412	18501	2160	1	100	100% 2160	1	1	1	1	100	2160	WN_29
wo_03_2021-08-24	N2000meetnet_Duinen_BHM	IV2022051222082464	IV2022051222053917	18863	2160	1	100	100% 2160	1	1	1	1	100	2160	wo_03
WZ_03_2190_2020-09-02	N2000meetnet_Duinen_BHM	IV2020120214244975	IV2020120214214868	18507	2190_mp	1	100	100% 2190_mp	1	1	1	1	100	2190_mp	WZ_03_2190
wz_08_2022-09-06	N2000_Duinen_fieldapp	IV2023010321143488	NA	19241	2180	1	100	100% 2180	1	1	1	1	100	2180	wz_08
wz_10_2020-06-16	N2000meetnet_Duinen_BHM	IV2021011112113548	IV2021011112005621	18429	2130_hd	1	100	100% 2130_hd	1	1	1	1	100	2130_hd	wz_10
wz_11_2021-08-27	N2000meetnet_Duinen_BHM	IV2022051217220212	IV2022051217190442	18866	2170	1	100	100% 2170	1	1	1	1	100	2170	wz_11
wz_13_2021-08-31	N2000meetnet_Duinen_BHM	IV2022051311590152	IV2022051311560973	18870	2190	0	100	100% 2190	0	1	0	0	0	2190_mp	wz_13
WZ_21_2020-09-22	N2000meetnet_Duinen_BHM	IV2021011916532820	IV2021011913002470	18527	2130_hd	1	100	100% 2130_hd	1	1	1	1	100	2130_hd	WZ_21
WZ_22_2020-09-22	N2000meetnet_Duinen_BHM	IV2021031211544343	IV2021031211493518	18527	2130_hd	1	40	40% 2130_hd; 60% 2160	1	1	1	2	100	2130_hd	WZ_22
WZ_22_2020-09-22	N2000meetnet_Duinen_BHM	IV2021031211544343	IV2021031211493518	18527	2160	1	60	40% 2130_hd; 60% 2160	1	1	1	2	100	2160	WZ_22
WZ_23_2180_2020-09-22	N2000meetnet_Duinen_BHM	IV2020122415495361	IV2020122415455466	18527	2180	1	100	100% 2180	1	1	1	1	100	2180	WZ_23_2180
WZ_24_2160_2020-09-22	N2000meetnet_Duinen_BHM	IV2020122416000878	IV2020122415564970	18527	2160	1	100	100% 2160	1	1	1	1	100	2160	WZ_24_2160
wz_31_2024-09-03	N2000_Duinen_fieldapp	IV2024090407102656	NA	19969	2170	1	25	25% 2170; 75% 2190	1	1	1	1	25	2170	wz_31
wz_31_2024-09-03	N2000_Duinen_fieldapp	IV2024090407102656	NA	19969	2190	0	75	25% 2170; 75% 2190	0	1	1	1	25	2190_mp	wz_31
zw_02_2020-07-02	N2000meetnet_Duinen_BHM	IV2021011122264803	IV2021011121021872	18445	2190_mp	1	100	100% 2190_mp	1	1	1	1	100	2190_mp	zw_02
ZW_04_2180_2020-09-01	N2000meetnet_Duinen_BHM	IV2020120214143341	IV2020120214121489	18506	2180	1	100	100% 2180	1	1	1	1	100	2180	ZW_04_2180
ZW_05_2020-09-14	N2000meetnet_Duinen_BHM	IV2021021516522470	IV2021021516334763	18519	2160	1	100	100% 2160	1	1	1	1	100	2160	ZW_05
zw_08_2020-07-11	N2000meetnet_Duinen_BHM	IV2021011321124506	IV2021011321100760	18454	2190	0	100	100% 2190	0	1	0	0	0	2190_mp	zw_08
zw_10_2180_2020-09-10	N2000meetnet_Duinen_BHM	IV2020120216081388	IV2020120216061586	18515	2180	1	100	100% 2180	1	1	1	1	100	2180	zw_10_2180
zw_11_2022-08-02	N2000meetnet_Duinen_BHM	IV2022092721074444	IV2022092721053334	19206	2180	1	100	100% 2180	1	1	1	1	100	2180	zw_11
zw_15_2021-08-05	N2000meetnet_Duinen_BHM	IV2022030112284715	IV2022030112232741	18844	2160	1	100	100% 2160	1	1	1	1	100	2160	zw_15
zw_16_2021-08-05	N2000meetnet_Duinen_BHM	IV2022022819130686	IV2022022819065319	18844	2160	1	100	100% 2160	1	1	1	1	100	2160	zw_16
ZW_17_2020-09-14	N2000meetnet_Duinen_BHM	IV2021021208503675	IV2021021118354522	18519	2180	1	100	100% 2180	1	1	1	1	100	2180	ZW_17
ZW_21_2020-09-10	N2000meetnet_Duinen_BHM	IV2021021117221269	IV2021021116214310	18515	2130_hd	1	100	100% 2130_hd	1	1	1	1	100	2130_hd	ZW_21
ZW_27_2160_2020-09-14	N2000meetnet_Duinen_BHM	IV2020120216251498	IV2020120216201945	18519	2160	1	100	100% 2160	1	1	1	1	100	2160	ZW_27_2160
zw_28_2022-08-04	N2000meetnet_Duinen_BHM	IV2022092721073974	IV2022092721053463	19208	2180	1	100	100% 2180	1	1	1	1	100	2180	zw_28
ZW_31_2020-09-04	N2000meetnet_Duinen_BHM	IV2021020311125571	IV2021020310360704	18509	2190	0	100	100% 2190	0	1	0	0	0	2190_mp	ZW_31
ZW_95_2020-09-09	N2000meetnet_Duinen_BHM	IV2021021814243054	IV2021021814202479	18514	2130_hd	1	100	100% 2130_hd	1	1	1	1	100	2130_hd	ZW_95
