id	type_analysis	status	aggregatiemethode	index_min_min	index_min_harm	index_harm_harm
100297_2016-06-07	6510_hu	0	RapportageHR	-1	-1	-1
1004470_2015-08-18	7140_meso	0	RapportageHR	-0.5	-0.2727	0.0535
1004470_2023-08-18	7140_meso	0	RapportageHR	-0.25	-0.1085	0.1742
1007490_2014-06-05	6510_hu	0	RapportageHR	-0.9667	-0.9113	-0.8524
1007490_2014-06-05	6510_hua	0	RapportageHR	-1	-1	-1
1007490_2014-06-05	6510_huk	0	RapportageHR	-1	-1	-1
1007490_2014-06-05	6510_hus	0	RapportageHR	-0.9667	-0.9113	-0.8524
1012434_2021-07-07	7140_meso	1	RapportageHR	-1	-1	-1
1013294_2016-09-20	7140_meso	0	RapportageHR	-0.8363	-0.6567	-0.4344
1018841_2020-05-26	6510_hu	1	RapportageHR	-0.9337	-0.8177	-0.7171
1022766_2015-06-10	6230_hmo	1	RapportageHR	-0.1342	0.0725	0.3687
1022766_2022-08-23	6230_hmo	1	RapportageHR	-0.0238	0.1533	0.2804
1023282_2018-06-11	6510_hu	0	RapportageHR	-0.9667	-0.9191	-0.8582
1023282_2018-06-11	6510_hua	0	RapportageHR	-1	-1	-1
1023282_2018-06-11	6510_huk	0	RapportageHR	-1	-1	-1
1023282_2018-06-11	6510_hus	0	RapportageHR	-0.9667	-0.9191	-0.8582
103094_2016-09-15	7140_meso	0	RapportageHR	-0.75	-0.5113	-0.234
103094_2023-10-12	7140_meso	0	RapportageHR	-0.5556	-0.4146	0.0258
10317874_2019-07-04	6410_mo	0	RapportageHR	-1	-1	-1
1036446_2017-07-12	6230_hmo	1	RapportageHR	-0.25	-0.097	0.1503
1037522_2018-07-12	6230_hn	1	RapportageHR	0	0.1803	0.4419
1040518_2017-06-29	6230_hn	1	RapportageHR	0.0064	0.0897	0.3153
1052582_2018-05-31	6510_hu	0	RapportageHR	-0.9667	-0.9372	-0.8939
10622226_2018-06-14	6510_hus	0	RapportageHR	-0.8683	-0.7143	-0.5577
1062514_2020-05-27	6510_hu	1	RapportageHR	-0.4286	-0.0789	0.2269
1062930_2016-07-28	6410_mo	0	RapportageHR	-0.703	-0.4798	-0.3935
1062930_2023-08-03	6410_mo	0	RapportageHR	-0.605	-0.3621	-0.2648
1068086_2019-05-23	6230_ha	1	RapportageHR	-0.9	-0.816	-0.7352
1068793_2020-05-27	6510_hu	1	RapportageHR	-1	-1	-1
10717462_2019-05-16	6510_hus	0	RapportageHR	-0.7143	-0.494	-0.35
10766985_2016-06-09	6410_mo	0	RapportageHR	-0.703	-0.6209	-0.5449
107830_2018-05-30	7140_meso	0	RapportageHR	-0.9	-0.8195	-0.711
10840262_2019-07-08	6410_mo	0	RapportageHR	-1	-1	-1
1085366_2017-07-31	6230_hn	1	RapportageHR	0	0.2613	0.4134
1087350_2016-09-20	7140_meso	0	RapportageHR	-1	-1	-1
1095890_2018-07-12	6230_ha	1	RapportageHR	-0.25	-0.0351	0.1951
1095890_2018-07-12	6230_hn	1	RapportageHR	-0.25	-0.0351	0.1951
1097222_2018-06-05	6510_hu	0	RapportageHR	-1	-1	-1
1107666_2018-06-19	6230_ha	1	RapportageHR	-0.801	-0.6664	-0.5112
11142674_2019-07-03	6410_mo	0	RapportageHR	-0.6	-0.3464	-0.2344
1115122_2016-08-25	6230_hn	0	RapportageHR	-0.2017	-0.0625	0.3311
1117877_2015-08-20	1330_hpr	1	RapportageHR	0	0.209	0.3419
1117877_2022-09-20	1330_hpr	1	RapportageHR	0.4567	0.7405	0.7697
1119506_2016-06-14	6510_hus	0	RapportageHR	-0.8347	-0.6724	-0.5466
1119506_2023-06-06	6510_hu	0	RapportageHR	-0.9667	-0.9298	-0.8768
11228210_2019-06-19	6410_mo	0	RapportageHR	-1	-1	-1
1132201_2017-07-10	7140_meso	0	RapportageHR	-0.75	-0.5799	-0.4013
1132201_2024-06-26	7140_meso	0	RapportageHR	-0.8667	-0.8116	-0.6887
1132838_2018-05-23	6510_hu	1	RapportageHR	-0.8667	-0.677	-0.6624
11343122_2020-05-26	6510_hus	0	RapportageHR	-0.9337	-0.8347	-0.7326
1135826_2018-07-12	6230_hn	1	RapportageHR	0.125	0.4081	0.5135
11394098_2019-07-05	6410_mo	0	RapportageHR	-1	-1	-1
1140434_2017-07-04	7140_meso	1	RapportageHR	-1	-1	-1
11466886_2019-07-08	6410_mo	0	RapportageHR	-0.9	-0.858	-0.8347
1150886_2016-07-19	6230_hmo	0	RapportageHR	-0.702	-0.6585	-0.4172
1150886_2023-06-28	6230_hmo	1	RapportageHR	-0.25	-0.1429	0.1857
1152657_2014-05-30	6510_huk	0	RapportageHR	-0.8667	-0.7355	-0.6579
1152657_2022-05-31	6510_hua	1	RapportageHR	-0.3333	-0.1136	0.0178
1156230_2015-06-09	6410_mo	0	RapportageHR	-0.5426	-0.2821	0.0936
1156230_2022-06-24	6410_mo	0	RapportageHR	-0.1276	-0.0246	0.1478
1163750_2018-05-25	6510_hu	0	RapportageHR	-1	-1	-1
116950_2016-09-06	6230_ha	1	RapportageHR	-0.75	-0.5775	-0.4715
116950_2023-07-16	6230_ha	0	RapportageHR	-0.702	-0.6031	-0.4027
1175794_2018-06-11	6510_hu	1	RapportageHR	-0.8683	-0.7182	-0.5578
1177233_2022-06-20	6510_hua	0	RapportageHR	-1	-1	-1
118441_2016-06-13	6510_hu	0	RapportageHR	-0.9333	-0.8352	-0.768
118441_2022-06-09	6510_hu	0	RapportageHR	-0.9667	-0.9067	-0.8508
1185042_2020-05-18	6510_hu	0	RapportageHR	-1	-1	-1
1201345_2018-06-13	6510_hu	0	RapportageHR	-0.7143	-0.4667	-0.2954
1212382_2018-06-27	6230_hn	1	RapportageHR	-0.5	-0.3137	-0.0269
1216422_2016-07-19	6230_hmo	1	RapportageHR	-0.25	0.0588	0.2016
1217746_2018-07-12	6230_hn	0	RapportageHR	-0.208	-0.1161	0.2914
12229422_2019-08-01	6410_mo	0	RapportageHR	-1	-1	-1
122549_2022-07-31	1330_hpr	1	RapportageHR	0	0.3327	0.5196
1227910_2018-05-30	6510_hu	1	RapportageHR	-1	-1	-1
12457234_2020-05-18	6510_hus	1	RapportageHR	-0.836	-0.6402	-0.488
1249582_2018-06-13	6230_ha	1	RapportageHR	-1	-1	-1
1254486_2018-06-27	6230_hmo	1	RapportageHR	-0.25	0.0755	0.2933
1255122_2018-06-19	6230_ha	1	RapportageHR	-0.0238	-0.023	0.1839
1258422_2018-07-10	7140_meso	1	RapportageHR	-0.901	-0.737	-0.5673
1260481_2018-06-08	6510_hu	0	RapportageHR	-0.9007	-0.7522	-0.6377
1266738_2018-06-11	6510_hu	0	RapportageHR	-0.9667	-0.9119	-0.8532
1269030_2016-06-21	6510_huk	0	RapportageHR	-1	-1	-1
1269458_2018-06-19	6230_ha	0	RapportageHR	-0.9	-0.8192	-0.7369
1271122_2018-06-18	6510_hu	0	RapportageHR	-1	-1	-1
127218_2014-05-19	6510_hu	1	RapportageHR	-0.7143	-0.4857	-0.3957
127218_2020-05-15	6510_hu	1	RapportageHR	-0.803	-0.5796	-0.4278
127218_2020-05-15	6510_hua	1	RapportageHR	-1	-1	-1
127218_2020-05-15	6510_huk	0	RapportageHR	-1	-1	-1
127218_2020-05-15	6510_hus	1	RapportageHR	-0.803	-0.5796	-0.4278
1280278_2014-05-27	6510_hus	0	RapportageHR	-0.9333	-0.8276	-0.7607
1280278_2022-05-24	6510_hus	0	RapportageHR	-0.8347	-0.7057	-0.5747
1286278_2015-06-25	6410_mo	1	RapportageHR	-0.9	-0.8571	-0.8343
1286278_2022-07-04	6410_mo	0	RapportageHR	-0.9	-0.8291	-0.7743
128657_2022-06-20	6510_hua	0	RapportageHR	-1	-1	-1
1300962_2018-06-20	6510_hu	1	RapportageHR	-0.9337	-0.8231	-0.7205
1305334_2021-08-19	6410_mo	1	RapportageHR	-0.703	-0.432	-0.3898
1322614_2018-07-05	7140_meso	1	RapportageHR	-0.901	-0.7746	-0.6178
1328710_2018-06-06	6510_hu	0	RapportageHR	-1	-1	-1
1346134_2016-08-24	6410_mo	0	RapportageHR	-0.9	-0.8192	-0.7919
1348277_2017-09-29	1330_hpr	0	RapportageHR	-0.8958	-0.8295	-0.7087
1355014_2018-06-06	6510_hu	0	RapportageHR	-1	-1	-1
1359838_2018-06-27	6230_hn	1	RapportageHR	-0.25	0.069	0.273
136466_2016-06-15	6510_hus	0	RapportageHR	-0.836	-0.7029	-0.534
136466_2023-06-06	6510_hu	0	RapportageHR	-0.901	-0.8511	-0.7389
1367026_2017-06-30	7140_oli	0	RapportageHR	-1	-1	-1
1375542_2018-05-29	6510_hu	0	RapportageHR	-1	-1	-1
1381569_2018-06-06	6510_hu	0	RapportageHR	-0.9007	-0.7654	-0.6462
1381569_2018-06-12	6230_hmo	0	RapportageHR	-0.801	-0.7022	-0.5283
1388150_2015-06-29	7140_meso	0	RapportageHR	-0.8683	-0.7277	-0.5115
1388150_2022-08-18	7140_meso	1	RapportageHR	-0.9007	-0.8553	-0.7703
1390706_2020-05-28	6510_hu	1	RapportageHR	-0.7143	-0.3871	-0.3137
1392705_2018-06-12	6230_hmo	0	RapportageHR	-0.703	-0.5701	-0.3542
1395766_2019-05-27	6230_hn	1	RapportageHR	-0.9	-0.8182	-0.7378
1397810_2018-06-07	6510_hu	0	RapportageHR	-1	-1	-1
1397810_2018-06-07	6510_hua	0	RapportageHR	-1	-1	-1
1397810_2018-06-07	6510_huk	0	RapportageHR	-1	-1	-1
1397810_2018-06-07	6510_hus	0	RapportageHR	-1	-1	-1
140241_2022-08-22	6230_hmo	0	RapportageHR	-0.0608	-0.0492	0.3225
1403657_2017-09-29	1330_hpr	0	RapportageHR	-1	-1	-1
1404382_2017-06-30	7140_oli	0	RapportageHR	-1	-1	-1
1405382_2018-06-05	6510_hu	1	RapportageHR	-1	-1	-1
1409089_2018-06-12	6230_hmo	1	RapportageHR	0.19	0.2489	0.4963
141010_2016-08-18	6230_ha	0	RapportageHR	-1	-1	-1
141010_2023-07-05	6230_ha	0	RapportageHR	-1	-1	-1
1414354_2018-07-12	6230_hn	0	RapportageHR	-0.16	-0.0353	0.3888
1425286_2019-07-08	6410_mo	0	RapportageHR	-1	-1	-1
1428270_2017-06-26	6230_hn	1	RapportageHR	-0.25	-0.0805	0.1678
143382_2016-05-30	6510_hu	0	RapportageHR	-1	-1	-1
143602_2016-07-01	6410_mo	0	RapportageHR	-1	-1	-1
143602_2023-07-06	6410_mo	1	RapportageHR	-0.9	-0.8571	-0.8341
1436718_2016-06-20	6230_hmo	0	RapportageHR	-0.7143	-0.5556	0.0929
1436718_2024-06-25	6230_hmo	0	RapportageHR	-0.01	0.0532	0.358
1436882_2016-09-02	6230_hmo	0	RapportageHR	-0.0496	0.0304	0.4293
1436882_2016-09-02	6230_hn	0	RapportageHR	-0.25	-0.1579	0.1791
1442745_2019-06-18	6510_hu	0	RapportageHR	-0.9333	-0.8291	-0.7605
1443378_2017-07-27	6230_hn	1	RapportageHR	0.1352	0.4268	0.53
1448238_2020-08-06	6230_ha	1	RapportageHR	-0.9	-0.81	-0.7337
1457206_2019-05-24	6230_ha	1	RapportageHR	-0.801	-0.639	-0.5019
1461001_2018-06-14	1330_hpr	0	RapportageHR	-0.705	-0.4344	-0.1644
1461001_2023-10-04	1330_hpr	0	RapportageHR	-0.901	-0.7837	-0.6215
1461302_2019-05-27	6230_ha	0	RapportageHR	-0.75	-0.6591	-0.4986
1464626_2019-07-02	6230_ha	0	RapportageHR	-1	-1	-1
1465330_2020-09-24	7140_oli	0	RapportageHR	-0.8667	-0.6914	-0.6655
1468114_2017-07-10	7140_oli	1	RapportageHR	-0.8027	-0.5366	-0.5188
1470454_2021-08-18	7140_oli	1	RapportageHR	0	0.1868	0.3491
1470918_2018-06-05	6510_hu	0	RapportageHR	-1	-1	-1
1474033_2018-06-14	6510_hus	0	RapportageHR	-1	-1	-1
1474526_2016-08-04	6230_hmo	1	RapportageHR	-0.25	0.0755	0.3452
1478129_2018-05-23	6510_hua	0	RapportageHR	-1	-1	-1
1487746_2014-06-03	6510_huk	0	RapportageHR	-0.5853	-0.3783	-0.1089
1487746_2022-06-03	6510_huk	0	RapportageHR	-0.4263	-0.1932	-0.0424
1498102_2018-06-06	7140_meso	0	RapportageHR	-1	-1	-1
1498102_2023-07-16	7140_meso	0	RapportageHR	-0.9333	-0.8852	-0.806
1498805_1330_hpr_2019-10-29	1330_hpr	0	RapportageHR	-0.5	-0.2258	-0.0588
1498805_2023-10-12	1330_hpr	0	RapportageHR	-0.6883	-0.4745	-0.2461
1500498_2018-06-18	6510_huk	0	RapportageHR	-1	-1	-1
1504306_2018-06-07	6510_hu	0	RapportageHR	-1	-1	-1
1508278_2019-07-10	6230_hn	1	RapportageHR	0.375	0.5321	0.7075
1512322_2019-06-19	6510_hu	0	RapportageHR	-0.9667	-0.9065	-0.8498
1512322_2019-06-19	6510_hua	0	RapportageHR	-1	-1	-1
1512322_2019-06-19	6510_huk	0	RapportageHR	-1	-1	-1
1512322_2019-06-19	6510_hus	0	RapportageHR	-0.9667	-0.9065	-0.8498
1512530_2018-06-19	6510_hu	0	RapportageHR	-1	-1	-1
1512886_2018-05-30	7140_meso	0	RapportageHR	-0.9	-0.77	-0.5934
151318_2018-06-11	6510_hu	0	RapportageHR	-0.836	-0.6317	-0.4801
151318_2022-05-24	6510_hu	0	RapportageHR	-0.9667	-0.9278	-0.8669
1529025_2018-06-07	6510_hu	1	RapportageHR	-0.8571	-0.671	-0.4592
1531602_2019-07-04	6230_ha	1	RapportageHR	-0.5	-0.2226	0.0393
1532081_2020-08-26	1330_hpr	0	RapportageHR	-0.3129	0.0671	0.3399
1533266_2018-06-18	6510_hu	0	RapportageHR	-1	-1	-1
1535001_2020-05-26	6510_hu	0	RapportageHR	-0.9333	-0.8264	-0.7602
1540082_2020-10-14	7140_oli	0	RapportageHR	-0.6778	-0.3819	0.1443
1542626_2018-06-20	6510_hus	1	RapportageHR	-0.8571	-0.6458	-0.4323
1547265_2018-06-29	1330_hpr	1	RapportageHR	-0.5	-0.1872	0.078
1547570_2018-06-11	6510_hu	0	RapportageHR	-0.94	-0.8588	-0.7594
1549622_2018-05-29	6510_hu	0	RapportageHR	-0.9667	-0.9092	-0.8533
1566033_2016-09-05	6230_hmo	0	RapportageHR	-0.605	-0.4761	-0.2091
1569666_2014-05-23	6510_huk	0	RapportageHR	-0.9337	-0.8461	-0.7225
1569666_2022-06-07	6510_huk	0	RapportageHR	-0.8027	-0.639	-0.474
1576886_2017-07-31	7140_oli	0	RapportageHR	-1	-1	-1
1583446_2016-07-19	6410_mo	0	RapportageHR	-1	-1	-1
1583446_2023-07-05	6410_mo	0	RapportageHR	-0.9	-0.8576	-0.8349
1593478_2019-07-08	6230_ha	0	RapportageHR	-0.801	-0.6772	-0.5372
1594037_1330_hpr_2019-10-29	1330_hpr	0	RapportageHR	-0.9333	-0.8208	-0.696
1618054_2015-05-28	6410_mo	0	RapportageHR	-0.605	-0.498	-0.3843
1618054_2022-07-04	6410_mo	0	RapportageHR	-0.9	-0.7895	-0.7199
1618818_2014-06-03	6510_huk	1	RapportageHR	-0.3889	-0.2393	0.1047
1618818_2022-06-03	6510_huk	1	RapportageHR	-0.1314	0.0936	0.3275
1627010_2018-05-31	6230_hnk	0	RapportageHR	-0.606	-0.5262	-0.3489
162790_2014-05-23	6510_hu	0	RapportageHR	-1	-1	-1
162790_2020-05-21	6510_hu	1	RapportageHR	-0.9333	-0.8178	-0.7561
162790_2020-05-21	6510_hua	1	RapportageHR	-1	-1	-1
162790_2020-05-21	6510_huk	1	RapportageHR	-1	-1	-1
162790_2020-05-21	6510_hus	1	RapportageHR	-0.9333	-0.8178	-0.7561
1631954_2019-07-04	6230_ha	1	RapportageHR	-0.801	-0.6586	-0.5099
1634546_2018-06-05	6230_ha	1	RapportageHR	-1	-1	-1
1635254_2015-09-21	7140_meso	0	RapportageHR	-0.9	-0.78	-0.5968
1635254_2022-08-26	7140_meso	0	RapportageHR	-0.9337	-0.8482	-0.7152
1642233_2018-05-31	6410_mo	1	RapportageHR	-0.605	-0.3244	-0.2386
1642233_2024-06-28	6410_mo	0	RapportageHR	-0.5714	-0.3502	0.0991
1653761_2020-08-18	1330_hpr	0	RapportageHR	-0.5	-0.2258	0.0746
1660114_2019-07-10	6230_hn	1	RapportageHR	0	0.1667	0.3648
1660950_2017-06-23	6230_hmo	0	RapportageHR	-0.75	-0.6026	-0.3584
1667357_2018-06-14	1330_hpr	1	RapportageHR	0.6008	0.8383	0.873
1676498_2019-07-10	6230_hn	1	RapportageHR	0	0.2593	0.4656
1677870_2018-06-13	7140_oli	0	RapportageHR	-0.7667	-0.5871	-0.4947
1685137_2018-05-23	6510_hua	0	RapportageHR	-0.8	-0.6347	-0.4747
1700533_2020-08-28	1330_hpr	0	RapportageHR	-0.7403	-0.4552	-0.1635
170798_2016-09-13	7140_oli	1	RapportageHR	0.5	0.7274	0.8367
170798_2023-10-16	7140_oli	0	RapportageHR	-0.1429	0.1708	0.6405
1711014_2016-08-23	6230_ha	1	RapportageHR	-0.75	-0.571	-0.3152
1713874_2019-07-04	6230_ha	0	RapportageHR	-0.801	-0.6819	-0.5214
1715637_2018-06-28	1330_hpr	0	RapportageHR	-0.3067	-0.0814	0.1394
1723446_2019-05-27	6230_ha	0	RapportageHR	-0.75	-0.6637	-0.4339
1742034_2019-07-10	6230_hn	1	RapportageHR	-0.5	-0.2049	0.1318
17475649_2015-07-10	6410_mo	0	RapportageHR	-0.6	-0.4634	-0.0213
1749942_2015-09-17	7140_meso	0	RapportageHR	-1	-1	-1
1750129_2018-06-29	1330_hpr	0	RapportageHR	-0.9333	-0.8284	-0.7153
1761206_2018-07-05	7140_meso	1	RapportageHR	-0.9	-0.7645	-0.6108
1766326_2018-07-12	7140_oli	1	RapportageHR	-1	-1	-1
1785525_2018-07-04	1330_hpr	1	RapportageHR	0.5345	0.7839	0.9193
1793318_2016-06-22	6510_huk	0	RapportageHR	-1	-1	-1
1793746_2020-07-22	6230_ha	1	RapportageHR	-0.5	-0.2083	0.0807
1799154_2019-07-04	6230_hn	1	RapportageHR	0.25	0.3118	0.5466
1820185_2018-06-11	6510_hu	0	RapportageHR	-0.9337	-0.8444	-0.7381
182054_2018-05-23	6510_hu	0	RapportageHR	-0.9337	-0.8293	-0.727
1826514_2020-07-15	6230_ha	1	RapportageHR	0	0.3103	0.4768
1829622_2018-05-15	7140_meso	1	RapportageHR	-0.901	-0.738	-0.5595
1830581_2018-07-04	1330_hpr	1	RapportageHR	-0.0026	0.3733	0.6216
183733_2022-09-21	1330_hpr	1	RapportageHR	0	0.4963	0.5897
183734_2018-06-06	6510_hu	0	RapportageHR	-0.9667	-0.912	-0.8538
1839666_2018-06-07	7140_meso	1	RapportageHR	-1	-1	-1
18546_2014-06-05	6510_hu	0	RapportageHR	-1	-1	-1
18546_2020-05-20	6510_hu	0	RapportageHR	-1	-1	-1
18546_2020-05-20	6510_hua	0	RapportageHR	-1	-1	-1
18546_2020-05-20	6510_huk	0	RapportageHR	-1	-1	-1
18546_2020-05-20	6510_hus	0	RapportageHR	-1	-1	-1
18546_2022-06-09	6510_hu	0	RapportageHR	-1	-1	-1
186850_2018-06-20	6510_hu	1	RapportageHR	-0.9337	-0.8188	-0.7162
1872565_2018-06-28	1330_hpr	1	RapportageHR	-0.5	-0.0435	0.2571
188062_2022-07-29	6230_hn	0	RapportageHR	-0.9	-0.8261	-0.7395
1884126_2016-08-02	6230_hmo	1	RapportageHR	0	0.2754	0.4241
1885721_2019-06-04	6510_hua	0	RapportageHR	-1	-1	-1
1887022_2018-06-13	6230_hn	0	RapportageHR	-0.5	-0.3684	-0.0143
1905938_2016-06-09	6510_hu	0	RapportageHR	-1	-1	-1
1905938_2016-06-09	6510_hua	0	RapportageHR	-1	-1	-1
1905938_2016-06-09	6510_huk	0	RapportageHR	-1	-1	-1
1905938_2016-06-09	6510_hus	0	RapportageHR	-1	-1	-1
1905938_2023-06-09	6510_hus	0	RapportageHR	-1	-1	-1
190902_2018-06-06	6510_hu	1	RapportageHR	-1	-1	-1
1913782_2018-07-10	7140_meso	0	RapportageHR	-0.9337	-0.8255	-0.6986
1927030_2018-07-05	7140_meso	0	RapportageHR	-1	-1	-1
1928193_2018-06-29	1330_hpr	0	RapportageHR	-0.9667	-0.9067	-0.8293
1933238_2020-09-02	6230_ha	1	RapportageHR	-0.5	-0.2381	-0.0729
1936821_2018-06-28	1330_hpr	0	RapportageHR	-0.8948	-0.8132	-0.6677
1938478_2015-07-08	6230_hmo	0	RapportageHR	-1	-1	-1
1945013_2018-06-28	1330_hpr	1	RapportageHR	0	0.4444	0.5727
1947634_2020-09-10	7140_oli	0	RapportageHR	-0.9333	-0.8438	-0.8238
1950913_2021-07-06	6230_hmo	0	RapportageHR	-0.508	-0.4712	-0.2088
19510_2016-09-08	6230_hn	1	RapportageHR	0	0.2017	0.3409
19510_2023-10-09	6230_hn	1	RapportageHR	0	0.2774	0.4196
1951958_2020-10-09	6230_ha	1	RapportageHR	-0.5	-0.2032	0.0977
1971474_2016-06-08	6510_hus	0	RapportageHR	-0.9007	-0.7882	-0.657
1971474_2023-06-07	6510_hus	0	RapportageHR	-0.9337	-0.8508	-0.7512
198930_2022-09-26	6230_hmo	0	RapportageHR	-1	-1	-1
201006_2016-06-27	6230_hn	1	RapportageHR	-0.25	-0.1089	0.1038
201006_2024-06-25	6230_ha	1	RapportageHR	-0.25	0.059	0.2976
2011870_2018-06-05	7140_oli	1	RapportageHR	-0.6667	-0.3572	-0.3015
2016242_2020-07-22	6230_ha	0	RapportageHR	-0.3149	-0.1902	0.0928
2016390_2019-07-08	6230_hmo	0	RapportageHR	-1	-1	-1
2018749_2020-10-15	1330_hpr	1	RapportageHR	0.265	0.4739	0.6207
201938_2022-08-26	6230_hn	1	RapportageHR	0	0.2961	0.5034
20217_2016-05-31	6510_hu	0	RapportageHR	-1	-1	-1
20217_2020-05-21	6510_hu	1	RapportageHR	-0.8571	-0.6557	-0.5097
2037393_2019-06-05	6510_hua	0	RapportageHR	-0.58	-0.4592	-0.0993
20390_2021-07-29	6410_mo	0	RapportageHR	-0.2	-0.0659	0.1583
2056822_2019-11-14	7140_oli	0	RapportageHR	-0.7667	-0.5599	-0.4874
206134_2014-06-12	6510_hu	0	RapportageHR	-0.9333	-0.8802	-0.8166
2070830_2020-08-06	6230_ha	1	RapportageHR	-1	-1	-1
207406_2016-09-19	6230_hmo	0	RapportageHR	-0.9	-0.8303	-0.7429
2080902_2020-07-09	6230_ha	0	RapportageHR	-0.801	-0.6819	-0.5357
2088658_2020-07-22	6230_ha	1	RapportageHR	0.125	0.4132	0.5495
212661_2015-08-13	1330_hpr	1	RapportageHR	0.3613	0.6676	0.7802
212661_2022-07-31	1330_hpr	1	RapportageHR	0.4205	0.7355	0.8181
2130550_2019-11-14	7140_oli	0	RapportageHR	-0.8347	-0.6724	-0.6107
2133734_2016-07-26	6230_hmo	0	RapportageHR	-0.8	-0.7273	-0.6265
2133926_2017-07-20	6230_hmo	0	RapportageHR	-0.0298	-0.0151	0.3601
2136622_2019-08-01	7140_oli	1	RapportageHR	0	0.3091	0.3869
2143233_1330_hpr_2019-10-17	1330_hpr	0	RapportageHR	-0.6	-0.2953	-0.1732
2156242_2020-07-23	6230_ha	1	RapportageHR	-0.508	-0.2528	-0.0981
2160774_2016-07-06	6410_mo	0	RapportageHR	-0.703	-0.5695	-0.4738
216118_2018-05-25	6510_hu	1	RapportageHR	-0.7143	-0.4433	-0.3102
2163698_2020-07-24	6230_hn	1	RapportageHR	0	0.1705	0.3606
2173889_2016-08-30	6410_mo	0	RapportageHR	-0.86	-0.6743	-0.0231
2173889_2024-06-19	6410_mo	0	RapportageHR	-0.4286	-0.1272	0.3795
218086_2019-06-12	6510_hu	0	RapportageHR	-1	-1	-1
218086_2019-06-12	6510_hua	0	RapportageHR	-1	-1	-1
218086_2019-06-12	6510_huk	0	RapportageHR	-1	-1	-1
218086_2019-06-12	6510_hus	0	RapportageHR	-1	-1	-1
2192370_2020-07-24	6230_hn	0	RapportageHR	-0.0199	0.0476	0.4009
2201202_2020-05-27	6510_huk	0	RapportageHR	-1	-1	-1
220786_2016-06-17	6510_huk	0	RapportageHR	-1	-1	-1
220882_2016-08-18	6230_ha	0	RapportageHR	-0.703	-0.5463	-0.3226
2225078_2015-09-18	7140_meso	1	RapportageHR	0.1337	0.2174	0.3926
222518_2017-07-25	7140_meso	1	RapportageHR	-0.8	-0.6969	-0.4861
2233618_2016-06-10	6510_hus	0	RapportageHR	-0.9424	-0.9075	-0.7883
2233618_2023-06-09	6510_hu	1	RapportageHR	-1	-1	-1
2239241_1330_hpr_2019-10-29	1330_hpr	0	RapportageHR	-0.9337	-0.8233	-0.6839
225246_2022-08-23	6230_ha	1	RapportageHR	-0.5	-0.2731	-0.0669
226262_2022-08-24	6230_hn	1	RapportageHR	-0.2222	-0.125	0.2959
2264998_2017-07-20	6230_hmo	1	RapportageHR	0	0	0.2338
2270930_2019-07-04	7140_oli	0	RapportageHR	-0.28	-0.1245	0.1093
2299537_2019-06-05	6510_hua	1	RapportageHR	-1	-1	-1
23086_2016-09-19	7140_oli	1	RapportageHR	0.3333	0.6269	0.7899
23086_2023-07-16	7140_oli	1	RapportageHR	-0.9667	-0.9041	-0.9037
231702_2014-05-27	6510_hus	0	RapportageHR	-0.8571	-0.7056	-0.588
2318966_2019-11-14	7140_oli	0	RapportageHR	-0.9667	-0.9266	-0.912
2328854_2014-05-27	6510_hus	0	RapportageHR	-0.836	-0.6563	-0.476
2328854_2022-05-30	6510_hus	0	RapportageHR	-0.8027	-0.6456	-0.5245
2333697_1330_hpr_2019-10-31	1330_hpr	1	RapportageHR	-0.0026	0.079	0.3228
2334002_2016-06-20	6410_mo	0	RapportageHR	-0.703	-0.4644	-0.2932
2334854_2017-06-29	6230_hmo	1	RapportageHR	0	0.0066	0.3118
2364085_1330_hpr_2019-10-29	1330_hpr	1	RapportageHR	-0.5	-0.0769	0.1429
236657_2020-06-04	6510_hu	1	RapportageHR	-0.803	-0.5562	-0.4054
236742_2021-07-27	6410_mo	0	RapportageHR	-0.9	-0.8727	-0.8366
2371634_2016-07-18	6410_mo	0	RapportageHR	-0.801	-0.6116	-0.5018
239901_2023-06-05	6510_hu	1	RapportageHR	-0.9667	-0.9164	-0.8663
2410009_2019-06-06	6510_hua	0	RapportageHR	-1	-1	-1
242262_2023-06-12	6510_hu	1	RapportageHR	-1	-1	-1
2435666_2021-07-07	6410_mo	1	RapportageHR	-1	-1	-1
243758_2021-08-18	6230_ha	1	RapportageHR	-0.605	-0.453	-0.2247
243758_2024-06-25	6230_ha	0	RapportageHR	-0.25	-0.2364	0.0189
2438198_2015-06-11	6230_hmo	0	RapportageHR	-0.3902	-0.2424	0.1366
243846_2014-05-22	6510_hu	0	RapportageHR	-0.9333	-0.8248	-0.7577
243846_2020-05-27	6510_hu	1	RapportageHR	-0.9333	-0.8171	-0.7554
243846_2020-05-27	6510_hua	1	RapportageHR	-1	-1	-1
243846_2020-05-27	6510_huk	1	RapportageHR	-1	-1	-1
243846_2020-05-27	6510_hus	1	RapportageHR	-0.9333	-0.8171	-0.7554
2440689_2018-06-14	6510_hua	0	RapportageHR	-1	-1	-1
2441398_2020-07-31	6230_hn	0	RapportageHR	-0.9	-0.8435	-0.7459
2447382_2018-06-18	6230_hmo	0	RapportageHR	-0.5	-0.367	-0.0674
2454238_2020-10-23	7140_oli	1	RapportageHR	-0.7667	-0.5116	-0.4697
2468182_2015-05-29	6410_mo	0	RapportageHR	-0.4	-0.1664	0.0543
2468182_2022-06-24	6410_mo	0	RapportageHR	-0.6	-0.4143	-0.085
2479154_2016-06-16	6410_mo	0	RapportageHR	-0.6	-0.4196	-0.1725
2495762_2016-06-14	6510_hus	0	RapportageHR	-0.5714	-0.378	-0.2201
2500918_2019-07-05	7140_meso	0	RapportageHR	-0.5	-0.2313	0.0977
2534662_2021-07-27	6410_mo	0	RapportageHR	-0.801	-0.5613	-0.4201
253621_2022-09-20	1330_hpr	0	RapportageHR	-0.3766	-0.1549	0.0787
2541138_2020-07-23	7140_meso	0	RapportageHR	-0.5	-0.3499	-0.1618
2552758_2020-09-10	7140_oli	1	RapportageHR	-0.3333	-0.0392	0.0396
2552882_2016-07-13	6410_mo	0	RapportageHR	-1	-1	-1
255826_2022-08-03	6230_hmo	0	RapportageHR	-0.232	-0.1312	0.268
258390_2015-11-13	6510_hu	1	RapportageHR	-0.9667	-0.9075	-0.8511
258390_2020-05-27	6510_hu	1	RapportageHR	-1	-1	-1
258390_2020-05-27	6510_hua	0	RapportageHR	-1	-1	-1
258390_2020-05-27	6510_huk	1	RapportageHR	-1	-1	-1
258390_2020-05-27	6510_hus	1	RapportageHR	-1	-1	-1
2595841_2020-08-18	1330_hpr	0	RapportageHR	-0.9007	-0.746	-0.5656
2598774_2020-07-23	7140_meso	1	RapportageHR	-0.8	-0.6087	-0.4081
2637569_2018-07-03	6230_hmo	1	RapportageHR	-0.4148	-0.1721	0.1194
2643702_2021-08-19	6410_mo	0	RapportageHR	-1	-1	-1
2645158_2020-07-09	7140_meso	0	RapportageHR	-0.5	-0.3453	-0.1081
2645426_2018-06-08	6510_huk	0	RapportageHR	-1	-1	-1
2664513_2015-07-10	6410_mo	0	RapportageHR	-0.8	-0.5741	-0.3257
267986_2016-09-13	7140_meso	0	RapportageHR	-0.901	-0.7598	-0.5575
267986_2023-07-05	7140_meso	0	RapportageHR	-1	-1	-1
271030_2016-09-15	7140_meso	0	RapportageHR	-0.958	-0.9385	-0.8366
271030_2023-10-12	7140_meso	0	RapportageHR	-0.5878	-0.3425	-0.0317
2733713_2019-06-05	6510_hua	0	RapportageHR	-0.6314	-0.5531	-0.2654
2760937_2016-09-12	6410_mo	0	RapportageHR	-1	-1	-1
2767798_2020-07-23	7140_meso	1	RapportageHR	-0.9	-0.7611	-0.5887
2805181_2020-10-15	1330_hpr	0	RapportageHR	-0.803	-0.5577	-0.352
2809525_2020-08-21	1330_hpr	1	RapportageHR	0.4213	0.5802	0.683
281177_2023-05-26	6510_hu	0	RapportageHR	-0.9333	-0.8449	-0.7746
2813697_2017-09-25	6230_hn	1	RapportageHR	-0.5556	-0.3846	0.1025
2814902_2020-09-10	7140_oli	0	RapportageHR	-0.9667	-0.9083	-0.9049
282614_2016-09-14	7140_meso	1	RapportageHR	-0.4923	-0.0959	0.1581
282614_2024-06-25	7140_meso	1	RapportageHR	-0.9	-0.7474	-0.551
283094_2023-06-05	6510_hu	0	RapportageHR	-0.9007	-0.8045	-0.6922
2839602_2016-06-08	6410_mo	1	RapportageHR	-0.1286	0.0026	0.1389
2841894_2018-05-22	6510_huk	1	RapportageHR	-1	-1	-1
2867990_2014-05-22	6510_hus	0	RapportageHR	-1	-1	-1
2867990_2022-06-02	6510_hus	0	RapportageHR	-0.9667	-0.9069	-0.8501
2891673_2020-06-05	6510_hua	0	RapportageHR	-0.0538	0.0852	0.3647
2898758_2015-06-12	6410_mo	0	RapportageHR	-0.7143	-0.418	0.2545
2898758_2022-07-05	6410_mo	0	RapportageHR	-0.0892	0.0123	0.316
2902665_2021-08-24	6410_mo	0	RapportageHR	-0.3139	-0.2487	-0.1164
2911526_2020-05-26	6510_hus	0	RapportageHR	-1	-1	-1
2934297_2018-06-11	6510_hu	0	RapportageHR	-1	-1	-1
2936253_2020-10-15	1330_hpr	1	RapportageHR	0.4188	0.6784	0.7863
2942609_2019-06-05	6510_hua	0	RapportageHR	-0.6667	-0.4444	-0.1053
2943734_7140_meso_2020-10-08	7140_meso	0	RapportageHR	-1	-1	-1
2943735_2022-06-22	6410_mo	0	RapportageHR	-0.8	-0.659	-0.5891
2945974_2020-09-10	7140_oli	1	RapportageHR	-0.6	-0.2877	-0.1901
2954514_2016-06-10	6510_hus	0	RapportageHR	-0.7695	-0.7187	-0.5672
2967065_2018-06-12	6510_hua	0	RapportageHR	-1	-1	-1
2977246_7140_oli_2020-10-14	7140_oli	0	RapportageHR	-0.8667	-0.7133	-0.6744
2981953_2018-06-12	6230_hmo	1	RapportageHR	-1	-1	-1
2993589_2020-08-28	1330_hpr	0	RapportageHR	-0.2024	0.0522	0.2482
299701_2017-09-29	1330_hpr	0	RapportageHR	-0.5	-0.1892	0.0762
3002670_2018-06-13	6230_hmo	0	RapportageHR	-0.8	-0.7351	-0.6194
300649_2016-08-31	6230_hmo	0	RapportageHR	-0.8	-0.6782	-0.6162
300649_2023-07-03	6230_hmo	0	RapportageHR	-0.504	-0.4015	-0.2496
3008870_2015-07-07	6410_mo	1	RapportageHR	-0.4	-0.1695	0.0634
3008870_2022-06-24	6410_mo	0	RapportageHR	-0.409	-0.2698	-0.0708
300918_2021-07-19	7140_meso	0	RapportageHR	-1	-1	-1
3010229_2020-08-21	1330_hpr	0	RapportageHR	-0.0338	0.2828	0.4476
3011510_2022-06-22	6410_mo	0	RapportageHR	-0.9	-0.7815	-0.6866
3016210_2015-06-23	6410_mo	0	RapportageHR	-0.4	-0.1996	0.0552
3016210_2022-06-21	6410_mo	0	RapportageHR	-0.508	-0.3709	-0.2449
302198_2022-09-26	7140_oli	1	RapportageHR	0	0.1207	0.3334
3026357_2020-08-28	1330_hpr	0	RapportageHR	-0.5	-0.1513	0.1064
303721_2023-06-05	6510_hu	0	RapportageHR	-1	-1	-1
30418_2022-08-02	6230_ha	0	RapportageHR	-0.4148	-0.3241	0.0691
3046837_2020-08-28	1330_hpr	1	RapportageHR	0.2188	0.6364	0.6514
3054593_2020-08-18	1330_hpr	0	RapportageHR	-1	-1	-1
3062785_2020-08-18	1330_hpr	1	RapportageHR	-0.5	-0.0124	0.246
3067325_2020-10-15	1330_hpr	0	RapportageHR	-0.2985	0.0833	0.3131
3068802_2018-07-06	6510_huk	1	RapportageHR	-0.6	-0.4195	-0.2294
3068802_2022-06-03	6510_huk	1	RapportageHR	-0.4	0.0172	0.1837
3077777_2020-06-02	6510_hua	0	RapportageHR	-0.72	-0.63	-0.2855
308098_2014-05-22	6510_huk	0	RapportageHR	-1	-1	-1
308098_2022-06-03	6510_hu	0	RapportageHR	-0.9337	-0.8475	-0.7375
309458_2017-08-17	6230_hmo	0	RapportageHR	-0.605	-0.4729	-0.209
3101622_2020-07-23	7140_meso	1	RapportageHR	-1	-1	-1
311262_2015-07-28	6230_hn	1	RapportageHR	0.125	0.2857	0.4513
311262_2022-08-23	6230_hn	1	RapportageHR	0	0.3333	0.5137
3120562_2018-06-11	6510_huk	1	RapportageHR	-0.9333	-0.8428	-0.7632
3132850_2020-05-28	6510_huk	0	RapportageHR	-1	-1	-1
3134649_2018-05-31	6230_hmo	1	RapportageHR	0	0	0.3425
3153026_2020-05-22	6510_huk	0	RapportageHR	-1	-1	-1
315329_2016-08-30	6230_ha	0	RapportageHR	-0.605	-0.4402	-0.2258
315329_2023-07-04	6230_ha	0	RapportageHR	-0.75	-0.6045	-0.4917
3160082_2019-07-03	6410_mo	0	RapportageHR	-0.9	-0.8269	-0.8094
3163010_2018-06-27	6510_huk	0	RapportageHR	-1	-1	-1
3170178_2019-06-19	6510_huk	1	RapportageHR	-1	-1	-1
3173042_2020-06-02	6510_huk	1	RapportageHR	-0.9333	-0.8208	-0.7392
3185198_7140_oli_2020-10-12	7140_oli	1	RapportageHR	0.1667	0.3275	0.478
3192390_2020-07-09	7140_meso	0	RapportageHR	-0.9667	-0.9066	-0.8359
3202998_2020-07-23	7140_meso	0	RapportageHR	-0.9667	-0.9075	-0.8386
321169_2022-06-23	6510_hua	0	RapportageHR	-1	-1	-1
3219382_2015-09-21	7140_meso	1	RapportageHR	-0.801	-0.5661	-0.3054
3223006_7140_oli_2020-10-14	7140_oli	0	RapportageHR	-0.8667	-0.6954	-0.668
323154_2016-07-29	6230_hn	1	RapportageHR	-0.409	-0.3734	-0.0822
323154_2023-07-05	6230_hn	1	RapportageHR	-0.0222	-0.0112	0.2368
327153_2016-06-15	6510_hua	0	RapportageHR	-1	-1	-1
327153_2022-06-24	6510_hua	1	RapportageHR	-1	-1	-1
3273046_2018-07-02	6230_hmo	1	RapportageHR	0	0.3105	0.4889
3276198_2016-08-23	6230_hmo	1	RapportageHR	0	0.0656	0.2943
3319506_2020-09-29	7140_oli	1	RapportageHR	-1	-1	-1
332786_2017-07-27	6230_hn	1	RapportageHR	-0.2256	0.0056	0.2579
333385_2014-06-10	6510_hu	0	RapportageHR	-0.9667	-0.9097	-0.8519
333385_2022-06-02	6510_hu	1	RapportageHR	-0.9333	-0.8337	-0.7699
3351638_2018-06-27	6230_hmo	1	RapportageHR	-0.5	-0.3462	-0.0364
3351639_2022-06-22	6230_hmo	0	RapportageHR	-0.5	-0.4091	-0.1775
3358866_2020-07-16	7140_meso	0	RapportageHR	-0.9007	-0.8245	-0.6597
3359797_2020-08-21	1330_hpr	1	RapportageHR	-0.4545	0.0322	0.2749
3366786_2019-06-19	6510_huk	0	RapportageHR	-1	-1	-1
3367542_2020-10-09	7140_oli	0	RapportageHR	-0.9333	-0.8246	-0.8171
3405958_2018-06-25	6230_hmo	1	RapportageHR	-0.5	-0.2376	0.0321
340978_2016-08-25	6230_hn	0	RapportageHR	-0.4148	-0.3269	0.0508
3411958_7140_meso_2020-10-09	7140_meso	0	RapportageHR	-0.9007	-0.7944	-0.6578
3424742_2018-06-04	6230_hmo	1	RapportageHR	-0.75	-0.5627	-0.304
3428530_2021-07-12	6230_hnk	0	RapportageHR	-0.4148	-0.2774	-0.0329
3432322_2019-06-19	6510_hu	0	RapportageHR	-1	-1	-1
3432322_2019-06-19	6510_hua	0	RapportageHR	-1	-1	-1
3432322_2019-06-19	6510_huk	0	RapportageHR	-1	-1	-1
3432322_2019-06-19	6510_hus	0	RapportageHR	-1	-1	-1
3432449_2020-08-28	1330_hpr	0	RapportageHR	-0.8027	-0.5614	-0.3212
343809_2022-08-25	6230_hmo	1	RapportageHR	-0.25	-0.0488	0.1611
3447342_7140_oli_2020-10-12	7140_oli	0	RapportageHR	-0.9667	-0.9084	-0.9052
3450578_2020-09-29	7140_oli	0	RapportageHR	-0.9667	-0.9089	-0.9049
3456990_2018-06-27	6230_hmo	1	RapportageHR	-0.25	0.0588	0.3169
3461110_2016-09-14	6230_hmo	0	RapportageHR	-0.3966	-0.2869	0.0949
3492617_2020-08-07	1330_hpr	1	RapportageHR	-0.9667	-0.9048	-0.8261
3502814_2020-10-23	7140_oli	1	RapportageHR	0.5	0.6519	0.7574
3600726_2018-07-02	6230_hmo	1	RapportageHR	0.125	0.3101	0.4701
3601334_2020-09-10	7140_oli	0	RapportageHR	-0.6	-0.3303	-0.2117
3612546_2018-07-06	6510_huk	0	RapportageHR	-1	-1	-1
366225_2014-05-30	6510_hua	0	RapportageHR	-0.6667	-0.5136	-0.2883
3668438_2021-08-17	6410_mo	0	RapportageHR	-0.4343	-0.2458	0.0733
369974_2017-07-25	7140_meso	0	RapportageHR	-1	-1	-1
3732406_2015-09-21	7140_meso	1	RapportageHR	-1	-1	-1
3734950_2017-07-20	6230_hn	1	RapportageHR	-0.25	-0.006	0.2295
3741830_2015-06-09	6410_mo	0	RapportageHR	-0.801	-0.7461	-0.6853
3741830_2022-06-20	6410_mo	0	RapportageHR	-0.801	-0.7289	-0.6798
37557_2015-08-11	1330_hpr	1	RapportageHR	0.1684	0.4902	0.5735
37557_2023-10-12	1330_hpr	1	RapportageHR	0.208	0.5743	0.6192
3777298_2016-07-27	6410_mo	1	RapportageHR	-0.4148	-0.3047	-0.1599
379094_2016-09-06	6230_ha	1	RapportageHR	-0.75	-0.5754	-0.4727
379094_2024-06-25	6230_ha	1	RapportageHR	-0.75	-0.5561	-0.3779
3811458_2018-06-08	6510_huk	0	RapportageHR	-1	-1	-1
3821746_2018-06-12	6510_huk	1	RapportageHR	-0.801	-0.5889	-0.3746
3821746_2019-07-12	6230_hnk	0	RapportageHR	-1	-1	-1
3829634_2019-06-18	6510_hu	0	RapportageHR	-1	-1	-1
3829634_2019-06-18	6510_hua	0	RapportageHR	-1	-1	-1
3829634_2019-06-18	6510_huk	0	RapportageHR	-1	-1	-1
3829634_2019-06-18	6510_hus	0	RapportageHR	-1	-1	-1
38545_2014-05-30	6510_hua	0	RapportageHR	-1	-1	-1
38545_2022-05-31	6510_hua	0	RapportageHR	-0.702	-0.4622	-0.3534
3859846_2021-07-20	6410_mo	0	RapportageHR	-0.9	-0.8578	-0.835
3863478_2020-09-10	7140_oli	1	RapportageHR	-0.8667	-0.6669	-0.6589
3864710_2021-07-29	6410_mo	0	RapportageHR	-0.9	-0.7459	-0.6614
386674_2014-06-02	6510_hu	0	RapportageHR	-0.9333	-0.834	-0.7625
386674_2020-05-20	6510_hu	0	RapportageHR	-0.94	-0.8827	-0.7921
386674_2020-05-20	6510_hua	0	RapportageHR	-1	-1	-1
386674_2020-05-20	6510_huk	0	RapportageHR	-1	-1	-1
386674_2020-05-20	6510_hus	0	RapportageHR	-0.94	-0.8827	-0.7921
386674_2022-06-10	6510_hu	0	RapportageHR	-0.9667	-0.9084	-0.8513
3906994_2018-06-08	6510_huk	1	RapportageHR	-1	-1	-1
3927238_2022-06-24	6410_mo	0	RapportageHR	-0.3	0.046	0.437
3956146_2018-06-11	6510_huk	0	RapportageHR	-1	-1	-1
3968934_2019-07-08	6230_hmo	0	RapportageHR	-0.5	-0.387	-0.017
398529_2014-06-02	6510_hu	1	RapportageHR	-0.9333	-0.8326	-0.7651
398529_2016-06-28	6410_mo	1	RapportageHR	0.0564	0.1116	0.1834
398529_2023-07-05	6230_hmo	1	RapportageHR	0.0756	0.1852	0.4478
4003090_2016-06-09	6510_hus	1	RapportageHR	-0.9007	-0.7635	-0.6501
4008897_2016-08-30	6410_mo	0	RapportageHR	-0.8586	-0.6838	-0.0583
4008897_2024-06-19	6410_mo	0	RapportageHR	-0.5072	-0.2266	0.3586
4013534_7140_oli_2020-10-14	7140_oli	0	RapportageHR	-1	-1	-1
4026418_2016-06-18	6410_mo	0	RapportageHR	-0.801	-0.5804	-0.4393
4042038_2015-05-29	6410_mo	0	RapportageHR	-0.2	-0.0335	0.2449
4042038_2022-06-24	6410_mo	0	RapportageHR	-0.6	-0.4754	-0.0765
4057446_2015-07-07	6410_mo	0	RapportageHR	-0.9	-0.8157	-0.7918
4057446_2022-06-24	6410_mo	0	RapportageHR	-0.801	-0.6057	-0.5512
4059478_2019-07-09	6230_hmo	1	RapportageHR	-0.9	-0.8202	-0.737
409654_2014-05-27	6510_hu	0	RapportageHR	-0.9667	-0.9072	-0.8492
409654_2020-05-21	6510_hu	0	RapportageHR	-0.9667	-0.9078	-0.8498
4122918_2018-05-18	6510_huk	0	RapportageHR	-1	-1	-1
412726_2019-05-23	6230_ha	0	RapportageHR	-0.702	-0.6044	-0.4092
412726_2023-10-09	6230_ha	0	RapportageHR	-0.702	-0.6018	-0.4037
414646_2015-08-18	6230_hn	0	RapportageHR	-0.5714	-0.5402	-0.325
414646_2022-08-26	6230_hn	1	RapportageHR	-0.5	-0.2856	-0.0216
4178198_2019-07-09	6230_hmo	0	RapportageHR	-0.75	-0.6481	-0.3542
41814_2014-06-11	6510_hu	0	RapportageHR	-0.8667	-0.6754	-0.647
41814_2020-05-13	6510_hu	0	RapportageHR	-0.8667	-0.6852	-0.6526
418422_2022-08-26	7140_oli	0	RapportageHR	-0.9333	-0.8484	-0.834
419538_2016-09-23	7140_oli	1	RapportageHR	-0.2011	0.2468	0.2822
419538_2023-10-12	7140_oli	1	RapportageHR	0.1936	0.461	0.5933
423762_2016-08-17	6230_ha	1	RapportageHR	-0.1111	0.032	0.4306
4256642_2018-06-28	6510_huk	1	RapportageHR	-0.3239	-0.0906	0.1613
4330770_2020-05-27	6510_hus	0	RapportageHR	-0.9337	-0.8893	-0.8047
4346754_2019-06-18	6510_hu	0	RapportageHR	-0.9584	-0.9322	-0.8645
4346754_2019-06-18	6510_hua	0	RapportageHR	-1	-1	-1
4346754_2019-06-18	6510_huk	0	RapportageHR	-1	-1	-1
4346754_2019-06-18	6510_hus	0	RapportageHR	-0.9584	-0.9322	-0.8645
4351326_2018-05-22	6510_hus	1	RapportageHR	-0.868	-0.6935	-0.5924
4370774_2019-07-05	7140_meso	1	RapportageHR	-0.75	-0.5766	-0.3473
437685_2015-08-06	1330_hpr	0	RapportageHR	-0.3404	-0.13	0.173
437685_2022-09-21	1330_hpr	1	RapportageHR	-0.5129	-0.0426	0.25
4390190_2016-06-10	6410_ve	0	RapportageHR	-0.7143	-0.6258	-0.3542
4416118_2020-10-09	7140_oli	0	RapportageHR	-0.8667	-0.7115	-0.6851
4417666_2018-06-27	6510_huk	0	RapportageHR	-0.901	-0.8276	-0.6884
4434_2022-06-08	6510_hu	1	RapportageHR	-0.4286	-0.0894	0.0978
4441846_7140_oli_2020-10-08	7140_oli	0	RapportageHR	-1	-1	-1
4465750_2019-07-09	6230_hmo	0	RapportageHR	-0.9	-0.8452	-0.7507
4495918_7140_oli_2020-10-12	7140_oli	1	RapportageHR	-0.3333	0.006	0.0861
450229_2022-07-31	1330_hpr	0	RapportageHR	-0.9333	-0.8194	-0.6953
4502402_2018-06-28	6510_huk	0	RapportageHR	-1	-1	-1
4512754_2020-09-24	7140_oli	0	RapportageHR	-0.9333	-0.8361	-0.8233
452066_2014-06-11	6510_hu	0	RapportageHR	-0.748	-0.699	-0.4348
452066_2014-06-11	6510_hua	0	RapportageHR	-1	-1	-1
452066_2014-06-11	6510_huk	0	RapportageHR	-1	-1	-1
452066_2014-06-11	6510_hus	0	RapportageHR	-0.748	-0.699	-0.4348
452066_2022-06-10	6510_hu	0	RapportageHR	-0.8683	-0.7152	-0.5435
455349_2015-08-03	1330_hpr	1	RapportageHR	0.2413	0.6086	0.7831
455349_2022-09-20	1330_hpr	0	RapportageHR	0	0.3723	0.577
4576306_2018-06-12	6410_mo	0	RapportageHR	-1	-1	-1
4598982_2015-06-19	6410_mo	0	RapportageHR	-0.4456	-0.0743	0.4762
4598982_2022-06-24	6410_mo	1	RapportageHR	0.4011	0.4552	0.597
4599942_2017-06-29	6410_mo	0	RapportageHR	-0.605	-0.4861	-0.3369
4613842_2020-09-29	7140_oli	0	RapportageHR	-0.0222	0.3761	0.7659
4633474_2018-06-28	6510_huk	0	RapportageHR	-0.703	-0.5983	-0.3579
470546_2021-07-08	6230_ha	1	RapportageHR	-0.25	0.0755	0.149
471990_2017-08-17	7140_meso	0	RapportageHR	-0.9	-0.7778	-0.6107
472065_2015-08-24	1330_hpr	1	RapportageHR	-0.5	0	0.2
472065_2023-10-12	1330_hpr	1	RapportageHR	-0.5	-0.0043	0.2275
47446_2014-06-13	6510_hu	0	RapportageHR	-0.9333	-0.8211	-0.7574
4765682_2020-09-24	7140_oli	1	RapportageHR	-0.2267	0.0318	0.1705
480306_2018-06-13	6410_mo	0	RapportageHR	-1	-1	-1
482290_2016-09-13	7140_meso	0	RapportageHR	-0.9333	-0.8254	-0.7241
4851218_2015-06-23	6410_mo	0	RapportageHR	-0.1514	-0.14	0.0693
4851218_2022-06-21	6410_mo	0	RapportageHR	-0.5089	-0.3851	-0.2559
4868374_2018-06-08	6510_hus	0	RapportageHR	-1	-1	-1
487606_2016-08-19	6230_hmo	1	RapportageHR	-0.75	-0.5764	-0.314
4912054_2020-09-10	7140_oli	1	RapportageHR	-0.6	-0.2459	-0.2067
4975814_2015-06-19	6410_mo	1	RapportageHR	0.4129	0.4826	0.6614
4975814_2022-07-05	6410_mo	0	RapportageHR	-0.58	-0.1904	0.4934
498886_2016-08-25	6410_mo	0	RapportageHR	-0.9	-0.8242	-0.7935
498886_2023-07-05	6410_mo	0	RapportageHR	-0.801	-0.6545	-0.6028
500782_2015-05-27	6230_hn	0	RapportageHR	-0.75	-0.7333	-0.4062
500782_2022-07-29	6230_hmo	0	RapportageHR	-0.75	-0.6522	-0.3672
501046_2014-05-27	6510_hu	1	RapportageHR	-0.9667	-0.9058	-0.8503
509686_2022-08-24	7140_oli	1	RapportageHR	-0.3333	0.137	0.4443
5186006_2024-06-24	6410_mo	1	RapportageHR	-1	-1	-1
518902_2016-09-21	7140_meso	0	RapportageHR	-0.3143	-0.1048	0.3278
522710_2021-08-17	6410_mo	0	RapportageHR	-0.9	-0.7728	-0.706
5253462_2017-07-25	6410_mo	0	RapportageHR	-0.801	-0.6821	-0.614
528582_2014-06-11	6510_hu	0	RapportageHR	-1	-1	-1
528582_2020-05-21	6510_hu	1	RapportageHR	-1	-1	-1
528582_2022-06-03	6510_hu	0	RapportageHR	-1	-1	-1
529473_2024-06-27	6230_hn	1	RapportageHR	0.125	0.3156	0.4992
530734_2016-06-27	6230_hn	0	RapportageHR	-0.702	-0.5463	-0.3859
5313810_2020-05-19	6510_hus	0	RapportageHR	-0.8683	-0.7263	-0.5774
540341_2015-08-14	1330_hpr	1	RapportageHR	0.1237	0.3504	0.6122
540341_2022-07-31	1330_hpr	1	RapportageHR	0.3083	0.6593	0.8138
540658_2016-07-29	6230_hn	1	RapportageHR	0	0.0909	0.3345
5408201_2018-06-07	6410_mo	0	RapportageHR	-0.4	-0.2182	-0.0049
544902_2015-06-25	6230_ha	0	RapportageHR	-0.606	-0.5243	-0.2295
544902_2022-09-21	6230_ha	1	RapportageHR	-0.801	-0.7251	-0.5539
545745_2022-08-22	6230_hmo	1	RapportageHR	-0.1111	0.0263	0.3921
5474582_2019-05-15	6510_hus	1	RapportageHR	-0.8667	-0.6958	-0.665
555830_2021-07-19	7140_meso	0	RapportageHR	-0.9667	-0.9189	-0.8552
556006_2014-05-23	6510_hu	0	RapportageHR	-1	-1	-1
556006_2020-05-15	6510_hu	0	RapportageHR	-0.8571	-0.667	-0.4643
5624882_2017-07-10	6410_mo	0	RapportageHR	-0.8	-0.7381	-0.6613
5630310_2017-07-19	6410_mo	1	RapportageHR	-1	-1	-1
576033_2016-06-24	6510_hu	1	RapportageHR	-1	-1	-1
576302_2016-09-13	6230_hn	1	RapportageHR	-0.25	-0.1429	0.1082
5783154_2016-07-12	6410_mo	0	RapportageHR	-0.801	-0.6014	-0.5605
583378_2016-08-18	6230_ha	0	RapportageHR	-0.703	-0.5696	-0.3286
58433_2016-09-05	6230_hn	1	RapportageHR	-0.75	-0.57	-0.3368
58433_2023-07-05	6230_hn	1	RapportageHR	0	0	0.277
589110_2014-06-12	6510_hu	0	RapportageHR	-0.9333	-0.8233	-0.7564
589110_2020-05-27	6510_hu	0	RapportageHR	-1	-1	-1
589698_2014-06-04	6510_hu	1	RapportageHR	-1	-1	-1
589698_2014-06-04	6510_hua	0	RapportageHR	-1	-1	-1
589698_2014-06-04	6510_huk	1	RapportageHR	-1	-1	-1
589698_2014-06-04	6510_hus	1	RapportageHR	-1	-1	-1
589698_2017-07-06	6230_hnk	1	RapportageHR	-1	-1	-1
589698_2023-07-05	6230_hnk	1	RapportageHR	-0.605	-0.4086	-0.2912
59090_2016-08-18	6230_ha	0	RapportageHR	-0.9	-0.8259	-0.7439
59090_2023-07-05	6230_ha	1	RapportageHR	-0.9	-0.8125	-0.7348
605493_2014-06-06	6510_hu	0	RapportageHR	-1	-1	-1
605493_2022-06-03	6510_hu	1	RapportageHR	-0.7143	-0.3791	-0.1297
606390_2016-08-19	6230_hn	1	RapportageHR	-0.75	-0.5806	-0.3888
608550_2016-06-23	6510_hu	1	RapportageHR	-0.9333	-0.8262	-0.7662
6102322_2017-06-08	6410_mo	0	RapportageHR	-0.4286	-0.3157	-0.1077
6152326_2015-05-28	6410_mo	0	RapportageHR	-0.7171	-0.4478	0.1091
6152326_2022-07-04	6410_mo	0	RapportageHR	-0.8586	-0.7148	-0.3466
6165778_2020-05-19	6510_hus	0	RapportageHR	-0.7143	-0.6724	-0.454
6194105_2017-06-20	6410_mo	1	RapportageHR	-0.6	-0.3751	-0.197
619506_2016-08-25	6230_ha	0	RapportageHR	-0.702	-0.581	-0.4142
6201542_2019-05-23	6510_hus	0	RapportageHR	-1	-1	-1
6213542_2018-06-25	6410_mo	0	RapportageHR	-0.6	-0.4274	-0.2384
627922_2016-09-09	6230_hn	1	RapportageHR	0.2756	0.381	0.5826
627922_2023-07-24	6230_hn	1	RapportageHR	0.4332	0.6339	0.7181
63270_2014-06-06	6510_hu	0	RapportageHR	-0.9667	-0.9167	-0.8575
63270_2020-05-13	6510_hu	0	RapportageHR	-0.9667	-0.9062	-0.8494
63270_2020-05-13	6510_hua	0	RapportageHR	-1	-1	-1
63270_2020-05-13	6510_huk	0	RapportageHR	-1	-1	-1
63270_2020-05-13	6510_hus	0	RapportageHR	-0.9667	-0.9062	-0.8494
636561_2016-06-09	6510_hus	0	RapportageHR	-1	-1	-1
636561_2022-05-31	6510_hua	0	RapportageHR	-0.9	-0.7658	-0.6312
638582_2021-07-08	6230_ha	1	RapportageHR	0	0	0.3592
641238_2016-09-06	6230_ha	1	RapportageHR	-0.75	-0.5644	-0.325
641238_2024-06-25	6230_ha	1	RapportageHR	-0.75	-0.5566	-0.2977
6427922_2019-06-04	6510_hus	0	RapportageHR	-0.9333	-0.8246	-0.7598
643970_2014-06-10	6510_hu	0	RapportageHR	-1	-1	-1
643970_2014-06-10	6510_hua	0	RapportageHR	-1	-1	-1
643970_2014-06-10	6510_huk	0	RapportageHR	-1	-1	-1
643970_2014-06-10	6510_hus	0	RapportageHR	-1	-1	-1
643970_2022-06-03	6510_hu	0	RapportageHR	-0.836	-0.6342	-0.4715
6448478_2018-05-24	6510_hus	0	RapportageHR	-1	-1	-1
64777_2022-08-18	6230_ha	0	RapportageHR	-0.702	-0.5452	-0.3863
648914_2016-08-18	6230_ha	0	RapportageHR	-0.801	-0.6929	-0.5245
6509618_2018-06-14	6410_mo	0	RapportageHR	-0.9	-0.8188	-0.7916
6523158_2019-05-16	6510_hus	0	RapportageHR	-0.7713	-0.5423	-0.3946
65281_2021-07-06	6230_hmo	0	RapportageHR	-0.3946	-0.33	0.0757
6528306_2018-06-12	6410_mo	0	RapportageHR	-0.9	-0.7944	-0.7406
6529158_2018-06-26	6410_mo	1	RapportageHR	0.0074	0.1519	0.3331
654598_2016-08-25	6230_ha	0	RapportageHR	-0.9	-0.8189	-0.7386
654598_2023-07-05	6230_ha	1	RapportageHR	-0.75	-0.6	-0.404
6549737_2018-06-18	6410_mo	0	RapportageHR	-0.9	-0.8269	-0.7814
65526_2022-08-24	6230_ha	1	RapportageHR	-0.8	-0.6667	-0.6161
6572681_2018-06-07	6410_mo	0	RapportageHR	-0.9	-0.8598	-0.8365
659794_2014-05-20	6510_hu	0	RapportageHR	-0.9667	-0.9194	-0.8665
6630337_2018-06-07	6410_mo	0	RapportageHR	-0.8571	-0.6692	0.002
6645958_2019-07-08	6410_mo	1	RapportageHR	-0.9	-0.8121	-0.7909
66486_2021-07-06	6230_ha	1	RapportageHR	-1	-1	-1
6690066_2019-06-05	6510_hua	1	RapportageHR	-1	-1	-1
670646_2023-08-18	7140_meso	1	RapportageHR	-0.5	-0.1391	0.0791
676914_2014-05-28	6510_hu	0	RapportageHR	-0.8571	-0.6764	-0.5775
676914_2020-05-15	6510_hu	0	RapportageHR	-0.9667	-0.9057	-0.8489
676914_2020-05-15	6510_hua	0	RapportageHR	-1	-1	-1
676914_2020-05-15	6510_huk	0	RapportageHR	-1	-1	-1
676914_2020-05-15	6510_hus	0	RapportageHR	-0.9667	-0.9057	-0.8489
6770678_2018-06-06	6230_hmo	1	RapportageHR	0	0.2308	0.3535
677174_2014-06-12	6510_hu	0	RapportageHR	-0.9007	-0.7488	-0.6313
678638_2022-08-23	6230_hmo	1	RapportageHR	0.1717	0.2275	0.4034
6792238_2018-06-06	6230_hn	0	RapportageHR	-0.7143	-0.5862	-0.0072
6923026_2019-07-03	6410_ve	0	RapportageHR	-1	-1	-1
6948370_2017-07-03	6410_mo	1	RapportageHR	-0.5089	-0.319	-0.2393
695297_2015-08-19	1330_hpr	1	RapportageHR	0.1766	0.4106	0.6171
696182_2016-09-20	7140_meso	0	RapportageHR	-0.9667	-0.9312	-0.8735
698433_2022-07-27	6230_hmo	0	RapportageHR	-1	-1	-1
6986542_2018-06-13	6230_hmo	1	RapportageHR	-0.25	-0.1429	0.1579
702674_2015-09-18	7140_oli	0	RapportageHR	-1	-1	-1
702674_2022-08-26	7140_oli	0	RapportageHR	-1	-1	-1
7033906_2019-06-19	6410_mo	0	RapportageHR	-0.9	-0.8217	-0.7925
7062294_2019-05-15	6510_hus	1	RapportageHR	-0.8683	-0.6967	-0.5465
7072966_2017-05-29	6410_mo	0	RapportageHR	-0.44	-0.0747	0.432
709330_2023-08-18	7140_meso	1	RapportageHR	-0.9667	-0.9156	-0.8538
7148818_2018-06-12	6510_hus	0	RapportageHR	-0.9667	-0.909	-0.8505
717750_2017-07-31	7140_oli	0	RapportageHR	-0.6	-0.5275	-0.3256
717750_2023-10-12	7140_oli	1	RapportageHR	0	0.1386	0.4023
7203174_2017-07-19	6410_mo	1	RapportageHR	-1	-1	-1
720369_2014-06-11	6510_hua	0	RapportageHR	-1	-1	-1
720369_2022-06-23	6510_hua	1	RapportageHR	-0.208	0.0347	0.3534
721906_2016-07-29	6230_ha	1	RapportageHR	0	0	0.3126
730758_2021-07-20	6230_ha	1	RapportageHR	-0.1111	-0.0588	0.2885
732161_2022-07-27	1330_hpr	1	RapportageHR	-0.5	-0.0688	0.2002
736949_2015-08-12	1330_hpr	1	RapportageHR	0.0633	0.5431	0.7067
7394534_2018-06-19	6410_mo	0	RapportageHR	-1	-1	-1
7394534_2018-06-19	6510_hu	0	RapportageHR	-0.9337	-0.8216	-0.7189
742450_2016-06-16	6410_mo	0	RapportageHR	-1	-1	-1
742450_2023-07-04	6410_mo	0	RapportageHR	-0.9	-0.7817	-0.7573
743982_2016-09-19	6230_hmo	1	RapportageHR	0.5896	0.5948	0.7604
743982_2023-07-16	6230_hmo	0	RapportageHR	-0.424	-0.2433	0.4281
744742_2016-06-22	6510_huk	0	RapportageHR	-1	-1	-1
745170_2016-08-18	6230_ha	0	RapportageHR	-0.1111	-0.0588	0.262
753630_2016-09-19	6230_hmo	1	RapportageHR	-0.25	-0.1429	0.195
7678913_2018-06-07	6410_mo	0	RapportageHR	-0.8586	-0.6685	0.0086
7738642_2019-06-05	6510_hus	0	RapportageHR	-0.8059	-0.7854	-0.6664
7759198_2018-05-25	6510_hus	0	RapportageHR	-0.8347	-0.6546	-0.5282
781906_2016-08-03	6230_hn	1	RapportageHR	0.25	0.2903	0.5102
781906_2023-07-05	6230_hn	1	RapportageHR	0	0	0.2969
78294_2016-06-03	6510_hu	1	RapportageHR	-0.9667	-0.907	-0.8511
7839026_2019-07-02	6410_mo	0	RapportageHR	-1	-1	-1
783954_2017-06-30	6230_ha	1	RapportageHR	-0.75	-0.6166	-0.4834
7874902_2019-07-09	6410_mo	0	RapportageHR	-1	-1	-1
792209_2022-05-31	6510_hua	0	RapportageHR	-1	-1	-1
7929558_2019-08-26	6410_mo	0	RapportageHR	-0.9	-0.8144	-0.8082
7941057_2019-06-18	6410_mo	0	RapportageHR	-0.8	-0.6318	-0.5357
798133_2015-08-11	1330_hpr	1	RapportageHR	-0.6	-0.1429	-0.0769
798133_2022-09-21	1330_hpr	0	RapportageHR	-0.7922	-0.5546	-0.2971
79986_2014-06-03	6510_hu	1	RapportageHR	-0.9667	-0.9072	-0.8529
79986_2022-06-09	6510_hu	1	RapportageHR	-1	-1	-1
801793_2015-08-19	1330_hpr	0	RapportageHR	-0.3067	-0.0852	0.0377
801793_2022-08-01	1330_hpr	0	RapportageHR	-0.2727	0.0422	0.2197
805942_2019-05-23	6230_ha	1	RapportageHR	-0.801	-0.6529	-0.5089
80822_2023-08-18	7140_meso	1	RapportageHR	-0.5089	-0.3512	-0.1555
8121542_2017-05-29	6410_mo	0	RapportageHR	-0.7143	-0.4362	0.0941
8158406_2017-05-29	6410_mo	1	RapportageHR	0.2138	0.2628	0.4537
818374_2022-07-05	6410_mo	0	RapportageHR	-0.4286	-0.2154	0.1421
81985_2018-06-12	6230_hmo	0	RapportageHR	-0.01	0.0532	0.3865
8220722_2018-06-20	6410_mo	0	RapportageHR	-0.9	-0.8384	-0.7753
823129_2017-07-10	6230_hmo	0	RapportageHR	-0.8	-0.7647	-0.6476
823129_2024-06-28	6230_hmo	0	RapportageHR	-0.8571	-0.8333	-0.6833
826486_2023-08-03	6230_hmo	0	RapportageHR	-0.0199	0.0476	0.4271
832386_2014-06-04	6510_huk	0	RapportageHR	-1	-1	-1
8363961_2018-06-01	6410_mo	0	RapportageHR	-0.9	-0.7673	-0.6707
840662_2024-06-24	6230_ha	0	RapportageHR	-0.406	-0.3633	-0.0766
842030_2016-06-27	6230_hn	1	RapportageHR	-0.5	-0.2727	-0.0843
845457_2016-06-09	6510_hua	0	RapportageHR	-0.702	-0.6001	-0.4188
845457_2022-06-20	6510_hua	0	RapportageHR	-0.6667	-0.4763	-0.332
8525074_2019-06-04	6510_hu	0	RapportageHR	-0.5714	-0.3826	-0.1283
856054_2016-09-14	7140_meso	1	RapportageHR	-1	-1	-1
856054_2024-06-25	7140_meso	0	RapportageHR	-1	-1	-1
857281_2016-06-07	6510_hu	1	RapportageHR	1	5	1
857298_2016-09-09	6230_hn	1	RapportageHR	0.125	0.3156	0.4323
857298_2023-07-24	6230_hn	1	RapportageHR	0	0.2386	0.3308
863169_2016-06-08	6510_hu	0	RapportageHR	-0.8571	-0.7169	-0.5158
863862_2015-06-29	7140_meso	1	RapportageHR	-0.6746	-0.4547	-0.1798
863862_2022-08-18	7140_meso	1	RapportageHR	-1	-1	-1
8669462_2018-06-11	6510_hus	0	RapportageHR	-1	-1	-1
867254_2023-08-18	7140_meso	1	RapportageHR	-0.703	-0.5505	-0.3866
8705254_2018-06-19	6410_mo	0	RapportageHR	-1	-1	-1
8705254_2018-06-19	6510_hu	1	RapportageHR	-0.901	-0.761	-0.631
870694_2016-06-22	6510_huk	0	RapportageHR	-1	-1	-1
87250_2016-09-09	6230_hn	1	RapportageHR	0	0.3331	0.5444
87250_2023-07-24	6230_hn	1	RapportageHR	0	0.3243	0.4699
880094_2016-10-07	7140_oli	0	RapportageHR	-0.9333	-0.8371	-0.8207
884022_2018-05-29	6510_hu	0	RapportageHR	-1	-1	-1
89810_2016-08-18	6230_ha	0	RapportageHR	-0.605	-0.4715	-0.2165
89810_2023-07-05	6230_ha	1	RapportageHR	-0.25	-0.0336	0.1901
905190_2018-06-06	6510_hu	0	RapportageHR	-0.9667	-0.9373	-0.8923
905382_2015-06-11	6410_mo	0	RapportageHR	-0.801	-0.6501	-0.5912
905382_2022-06-20	6410_mo	0	RapportageHR	-0.9	-0.8175	-0.7924
906998_2023-07-19	7140_meso	0	RapportageHR	-0.7387	-0.6656	-0.4183
9087041_2015-07-10	6410_mo	0	RapportageHR	-0.6	-0.4604	0.0042
908981_2016-09-15	1330_hpr	1	RapportageHR	0.3675	0.693	0.8654
911617_2020-10-13	6230_hn	1	RapportageHR	-0.7778	-0.6571	-0.1447
9131058_2018-06-13	6410_mo	0	RapportageHR	-1	-1	-1
9189270_2018-06-04	6410_mo	1	RapportageHR	0.1	0.2078	0.4187
919185_2022-05-31	6510_hua	0	RapportageHR	-1	-1	-1
923209_2018-06-13	6510_hu	1	RapportageHR	-1	-1	-1
923346_2016-09-13	7140_meso	0	RapportageHR	-0.5	-0.3	0.0231
923346_2023-07-05	7140_meso	0	RapportageHR	-1	-1	-1
9245970_2020-05-27	6510_hus	1	RapportageHR	-0.8	-0.5742	-0.3252
937014_2019-05-23	6230_hn	1	RapportageHR	-0.75	-0.5777	-0.2995
938262_2018-06-08	6510_hu	0	RapportageHR	-0.9068	-0.8709	-0.7607
943826_2016-09-28	7140_oli	0	RapportageHR	-0.3067	-0.1599	0.0748
943826_2023-10-12	7140_oli	1	RapportageHR	0.3	0.5224	0.6248
9508114_2020-05-26	6510_hus	0	RapportageHR	-0.7143	-0.4581	-0.3304
958166_2021-08-17	6230_ha	1	RapportageHR	-0.9	-0.8126	-0.7348
959958_2016-09-20	7140_oli	0	RapportageHR	-1	-1	-1
959958_2023-07-16	7140_oli	1	RapportageHR	-1	-1	-1
9655346_2018-06-12	6410_mo	0	RapportageHR	-0.9	-0.7905	-0.7182
968217_2016-06-01	6510_hua	0	RapportageHR	-1	-1	-1
968217_2022-06-01	6510_hua	0	RapportageHR	-1	-1	-1
979286_2016-08-24	6230_hmo	0	RapportageHR	-0.25	-0.1864	0.1772
979286_2023-07-06	6230_hmo	1	RapportageHR	-0.0556	-0.0112	0.3273
980625_2016-06-09	6510_hus	0	RapportageHR	-1	-1	-1
983990_2017-08-17	6230_hn	1	RapportageHR	-0.3139	-0.0155	0.0486
984721_2022-06-23	6510_hua	0	RapportageHR	-0.9	-0.7762	-0.6507
99521_2014-06-03	6510_hu	0	RapportageHR	-0.9667	-0.9101	-0.8511
99521_2022-06-02	6510_hu	1	RapportageHR	-0.9667	-0.9056	-0.8496
996278_2015-08-18	7140_meso	0	RapportageHR	-0.606	-0.3854	-0.0981
996278_2022-08-26	7140_meso	1	RapportageHR	-0.0754	0.0243	0.2985
996353_2015-08-24	1330_hpr	1	RapportageHR	0.1854	0.606	0.6358
996353_2023-10-12	1330_hpr	1	RapportageHR	-0.1467	0.3327	0.4114
998709_2020-05-29	6510_hu	0	RapportageHR	-0.9667	-0.9084	-0.8541
double_1642233_2017-06-23	6410_mo	0	RapportageHR	-0.3	-0.2008	-0.0046
double_480306_2016-06-08	6410_mo	0	RapportageHR	-0.9	-0.7633	-0.7479
double_6645958_2017-06-23	6410_mo	0	RapportageHR	-0.9	-0.8142	-0.7911
IV2012080315214927_2020-05-21	6510_hu	0	RapportageHR	-0.8683	-0.6822	-0.5209
IV2012080715113498_2020-05-20	6510_hu	1	RapportageHR	-0.4286	-0.1026	0.122
IV2012080715113498_2020-05-20	6510_hua	1	RapportageHR	-1	-1	-1
IV2012080715113498_2020-05-20	6510_huk	1	RapportageHR	-1	-1	-1
IV2012080715113498_2020-05-20	6510_hus	1	RapportageHR	-0.4286	-0.1026	0.122
IV2012082409520192_2019-08-16	6230_hmo	1	RapportageHR	-0.8	-0.6406	-0.6014
IV2013072223234428_2020-05-15	6510_hu	1	RapportageHR	-0.6141	-0.3639	-0.182
IV2013072223234428_2020-05-15	6510_hua	1	RapportageHR	-1	-1	-1
IV2013072223234428_2020-05-15	6510_huk	1	RapportageHR	-1	-1	-1
IV2013072223234428_2020-05-15	6510_hus	1	RapportageHR	-0.6141	-0.3639	-0.182
IV2013091916595670_2020-05-27	6510_hu	0	RapportageHR	-0.9337	-0.8221	-0.717
IV2013091916595670_2020-05-27	6510_hua	0	RapportageHR	-1	-1	-1
IV2013091916595670_2020-05-27	6510_huk	0	RapportageHR	-0.8	-0.5672	-0.3496
IV2013091916595670_2020-05-27	6510_hus	0	RapportageHR	-0.9337	-0.8221	-0.717
IV2013092011462243_2020-05-26	6510_hu	1	RapportageHR	-0.2857	-0.0888	0.1551
IV2013092011462243_2020-05-26	6510_hua	1	RapportageHR	-1	-1	-1
IV2013092011462243_2020-05-26	6510_huk	1	RapportageHR	-0.9	-0.7924	-0.6469
IV2013092011462243_2020-05-26	6510_hus	1	RapportageHR	-0.2857	-0.0888	0.1551
IV2013092013555625_2020-05-27	6510_hu	0	RapportageHR	-1	-1	-1
IV2013092013555625_2020-05-27	6510_hua	0	RapportageHR	-1	-1	-1
IV2013092013555625_2020-05-27	6510_huk	0	RapportageHR	-1	-1	-1
IV2013092013555625_2020-05-27	6510_hus	0	RapportageHR	-1	-1	-1
IV2013092015031550_2020-05-26	6510_hu	1	RapportageHR	-0.836	-0.6136	-0.461
IV2013092015031550_2020-05-26	6510_hua	0	RapportageHR	-1	-1	-1
IV2013092015031550_2020-05-26	6510_huk	1	RapportageHR	-0.9667	-0.9053	-0.842
IV2013092015031550_2020-05-26	6510_hus	1	RapportageHR	-0.836	-0.6136	-0.461
IV2013092016031811_2020-05-27	6510_hu	1	RapportageHR	-0.7143	-0.431	-0.2085
IV2013092016031811_2020-05-27	6510_hua	1	RapportageHR	-1	-1	-1
IV2013092016031811_2020-05-27	6510_huk	1	RapportageHR	-0.9337	-0.8849	-0.7962
IV2013092016031811_2020-05-27	6510_hus	1	RapportageHR	-0.7143	-0.431	-0.2085
IV2013092017323396_2020-05-26	6510_hu	1	RapportageHR	-0.6144	-0.2322	-0.0806
IV2013092017323396_2020-05-26	6510_hua	1	RapportageHR	-1	-1	-1
IV2013092017323396_2020-05-26	6510_huk	1	RapportageHR	-0.8347	-0.7422	-0.6091
IV2013092017323396_2020-05-26	6510_hus	1	RapportageHR	-0.6144	-0.2322	-0.0806
IV2013092017422028_2020-05-26	6510_hu	1	RapportageHR	-0.4286	-0.0895	0.1576
IV2013092017422028_2020-05-26	6510_hua	1	RapportageHR	-1	-1	-1
IV2013092017422028_2020-05-26	6510_huk	1	RapportageHR	-0.9	-0.7587	-0.5837
IV2013092017422028_2020-05-26	6510_hus	1	RapportageHR	-0.4286	-0.0895	0.1576
IV2017081713530150_2020-05-27	6510_hu	0	RapportageHR	-0.9007	-0.762	-0.6471
IV2017081714212303_2020-05-22	6510_hu	1	RapportageHR	-0.8363	-0.5923	-0.4131
IV2017081808551234_2020-05-27	6510_hu	1	RapportageHR	-0.5714	-0.2048	0.0592
IV2018021914511615_2020-05-30	6510_hu	1	RapportageHR	-0.399	-0.0133	0.0612
IV2018021914511615_2020-05-30	6510_hua	1	RapportageHR	-1	-1	-1
IV2018021914511615_2020-05-30	6510_huk	1	RapportageHR	-0.5416	-0.1898	-0.103
IV2018021914511615_2020-05-30	6510_hus	1	RapportageHR	-0.399	-0.0133	0.0612
IV2018022010134155_2020-05-27	6510_hu	1	RapportageHR	-0.4286	-0.1049	0.1014
